Continent,Region_x,Country,Criminality avg.,Criminal markets avg.,Human trafficking,Human smuggling,Extortion and protection racketeering,Arms trafficking,Trade in counterfeit goods,Illicit trade in excisable goods,Flora crimes,Fauna crimes,Non-renewable resource crimes,Heroin trade,Cocaine trade,Cannabis trade,Synthetic drug trade,Cyber-dependent crimes,Financial crimes,Criminal actors avg.,Mafia-style groups,Criminal networks,State-embedded actors,Foreign actors,Private sector actors,Resilience avg.,Political leadership and governance,Government transparency and accountability,International cooperation,National policies and laws,Judicial system and detention,Law enforcement,Territorial integrity,Anti-money laundering,Economic regulatory capacity,Victim and witness support,Prevention,Non-state actors,ISO3,Country / Territory,Region_y,CPI score 2024,Rank 2024,Sources 2024,Standard error 2024,CPI score 2023,Rank 2023,Sources 2023,Standard error 2023,CPI score 2022,Rank 2022,Sources 2022,Standard error 2022,CPI score 2021,Rank 2021,Sources 2021,Standard error 2021,CPI score 2020,Rank 2020,Sources 2020,Standard error 2020,CPI score 2019,Rank 2019,Sources 2019,Standard error 2019,CPI score 2018,Rank 2018,Sources 2018,Standard error 2018,CPI score 2017,Rank 2017,Sources 2017,Standard error 2017,CPI score 2016,Sources 2016,Standard error 2016,CPI score 2015,Sources 2015,Standard error 2015,CPI score 2014,Sources 2014,Standard error 2014,CPI Score 2013,Sources 2013,Standard error 2013,CPI Score 2012,Sources 2012,Standard error 2012
Africa,Central Africa,Angola,5.62,5.33,6.0,5.0,2.5,6.0,5.0,6.0,7.5,6.0,8.0,2.5,7.0,4.5,2.5,5.5,6.0,5.9,2.5,6.0,8.0,5.5,7.5,4.21,4.0,4.5,5.0,5.0,3.0,4.0,5.5,4.5,4.5,3.5,4.0,3.0,AGO,Angola,SSA,32.0,121.0,8.0,2.804178,33.0,121.0,7.0,2.813869,33.0,116.0,7.0,2.807703,29.0,136.0,7.0,1.526104,27.0,142.0,7.0,2.011135,26.0,146.0,7.0,1.821627,19.0,165.0,6.0,1.31,19.0,167.0,5.0,1.28,18.0,4.0,1.68,15.0,5.0,1.8,19.0,6.0,1.71,23.0,7.0,2.8,22.0,7.0,1.8
Africa,Central Africa,Burundi,4.73,4.67,8.5,5.5,5.5,7.5,6.5,6.0,2.0,4.0,4.0,3.5,2.5,3.5,2.0,1.5,7.5,4.8,1.0,4.0,8.5,4.5,6.0,2.33,3.0,1.5,2.5,3.0,2.0,1.5,3.0,2.5,2.0,1.5,3.0,2.5,BDI,Burundi,SSA,17.0,165.0,5.0,3.365426,20.0,162.0,5.0,1.796819,17.0,171.0,5.0,2.325597,19.0,169.0,6.0,3.268247,19.0,165.0,6.0,3.737859,19.0,165.0,6.0,4.894006,17.0,170.0,5.0,2.65,22.0,157.0,6.0,3.29,20.0,6.0,1.53,21.0,5.0,2.94,20.0,5.0,3.65,21.0,5.0,2.6,19.0,5.0,2.8
Africa,Central Africa,Cameroon,6.18,6.27,6.5,5.5,7.0,7.5,7.5,5.5,7.5,7.5,7.0,3.5,3.5,7.0,7.0,5.0,6.5,6.1,3.5,7.5,8.5,7.5,3.5,3.13,2.0,2.0,5.5,4.5,2.5,3.5,2.0,3.5,2.5,2.5,3.0,4.0,CMR,Cameroon,SSA,26.0,140.0,9.0,1.759728,27.0,140.0,9.0,1.652038,26.0,142.0,9.0,1.370248,27.0,144.0,9.0,1.366871,25.0,149.0,9.0,1.364944,25.0,153.0,9.0,2.424488,25.0,152.0,9.0,2.43,25.0,153.0,9.0,2.58,26.0,9.0,3.04,27.0,8.0,3.26,27.0,8.0,2.87,25.0,8.0,2.9,26.0,8.0,3.5
Africa,Central Africa,Central African Republic,7.03,5.97,8.0,5.5,7.0,9.0,7.0,5.0,7.0,8.0,10.0,1.5,2.0,4.0,7.0,3.0,5.5,8.1,8.0,8.0,9.0,9.0,6.5,2.08,1.5,2.0,3.5,2.5,1.5,2.0,2.0,2.0,1.5,2.0,2.0,2.5,CAF,Central African Republic,SSA,24.0,149.0,5.0,1.565208,24.0,149.0,5.0,0.9885881,24.0,150.0,5.0,0.8079345,24.0,154.0,5.0,0.9885881,26.0,146.0,5.0,0.9326452,25.0,153.0,5.0,1.428002,26.0,149.0,5.0,1.14,23.0,156.0,5.0,3.28,20.0,4.0,4.04,24.0,4.0,1.44,24.0,4.0,1.33,25.0,4.0,5.4,26.0,4.0,2.4
Africa,Central Africa,Chad,6.0,5.4,7.5,8.0,6.5,9.0,6.0,4.5,1.5,3.5,7.5,2.0,4.5,6.0,7.5,2.5,4.5,6.6,5.0,7.0,8.5,6.5,6.0,2.33,2.5,2.0,4.5,3.0,2.0,2.5,3.0,1.5,2.0,1.5,1.5,2.0,TCD,Chad,SSA,21.0,158.0,6.0,3.012614,20.0,162.0,6.0,2.155059,19.0,167.0,6.0,1.513127,20.0,164.0,6.0,1.885957,21.0,160.0,6.0,1.710202,20.0,162.0,6.0,2.451336,19.0,165.0,6.0,2.94,20.0,165.0,6.0,2.73,20.0,5.0,2.67,22.0,5.0,2.35,22.0,5.0,2.95,19.0,5.0,3.8,19.0,5.0,2.5
Africa,Central Africa,"Congo, Dem. Rep.",7.47,6.33,7.5,6.0,7.5,9.5,7.0,5.0,9.0,8.5,9.5,3.0,3.0,7.0,3.0,1.5,8.0,8.6,9.0,9.0,9.0,9.0,7.0,2.21,1.5,2.0,3.5,3.0,2.5,1.5,1.5,1.5,1.5,2.0,2.0,4.0,COD,Democratic Republic of the Congo,SSA,20.0,163.0,8.0,1.630661,20.0,162.0,9.0,1.077086,20.0,166.0,9.0,0.9935172,19.0,169.0,9.0,1.001406,18.0,170.0,9.0,0.7490472,18.0,168.0,9.0,1.426883,20.0,161.0,8.0,2.13,21.0,161.0,8.0,1.96,21.0,7.0,2.13,22.0,6.0,3.35,22.0,5.0,4.19,22.0,5.0,4.2,21.0,5.0,3.3
Africa,Central Africa,"Congo, Rep.",5.03,4.37,7.0,4.0,3.5,4.0,5.5,4.0,8.0,7.0,4.5,1.0,6.0,2.0,2.0,2.0,5.0,5.7,3.5,6.5,8.5,6.0,4.0,3.08,3.0,1.5,5.0,4.0,2.0,4.5,3.0,3.0,3.0,2.0,3.5,2.5,COG,Congo,SSA,23.0,151.0,8.0,1.702692,22.0,158.0,7.0,1.471481,21.0,164.0,7.0,1.262728,21.0,162.0,7.0,1.456811,19.0,165.0,6.0,0.8016022,19.0,165.0,6.0,1.031566,19.0,165.0,6.0,1.04,21.0,161.0,6.0,1.08,20.0,5.0,1.78,23.0,6.0,4.11,23.0,6.0,4.2,22.0,6.0,3.8,26.0,6.0,3.3
Africa,Central Africa,Equatorial Guinea,4.37,3.53,5.0,2.0,2.0,4.0,2.5,2.0,8.5,5.0,6.0,1.0,2.5,3.5,1.0,1.0,7.0,5.2,1.0,2.0,9.0,5.5,8.5,2.08,1.5,1.5,2.5,3.5,1.5,2.0,3.5,2.0,2.0,1.5,2.0,1.5,GNQ,Equatorial Guinea,SSA,13.0,173.0,5.0,2.535872,17.0,172.0,4.0,2.567484,17.0,171.0,4.0,2.548162,17.0,172.0,4.0,2.548162,16.0,174.0,4.0,2.596128,16.0,173.0,4.0,2.997751,16.0,172.0,3.0,2.82,17.0,171.0,3.0,3.56,,,,,,,,,,19.0,3.0,2.2,20.0,3.0,1.3
Africa,Central Africa,Gabon,4.7,4.5,5.5,5.5,1.0,2.5,7.0,4.0,8.5,7.0,3.0,2.5,3.0,4.0,5.0,2.5,6.5,4.9,1.0,4.5,7.5,6.0,5.5,3.5,3.0,2.5,4.5,4.0,3.0,4.5,5.0,2.0,3.0,3.0,3.5,4.0,GAB,Gabon,SSA,27.0,135.0,8.0,1.381007,28.0,136.0,6.0,2.32452,29.0,136.0,6.0,2.069705,31.0,124.0,5.0,2.395403,30.0,129.0,6.0,2.348292,31.0,123.0,6.0,2.407603,31.0,124.0,4.0,3.92,32.0,117.0,4.0,3.22,35.0,4.0,0.97,34.0,4.0,1.65,37.0,4.0,4.19,34.0,5.0,1.5,35.0,5.0,2.1
Africa,Central Africa,Rwanda,3.87,4.13,5.5,2.5,1.0,6.0,6.0,4.0,2.0,4.0,8.5,3.0,3.0,4.0,1.5,4.5,6.5,3.6,2.0,3.0,6.0,4.0,3.0,5.0,4.5,4.0,5.0,6.0,4.5,5.5,6.5,5.5,5.5,5.0,5.5,2.5,RWA,Rwanda,SSA,57.0,43.0,7.0,2.628416,53.0,49.0,6.0,2.18984,51.0,54.0,6.0,2.794789,53.0,52.0,7.0,3.589662,54.0,49.0,7.0,3.39292,53.0,51.0,7.0,4.754766,56.0,48.0,6.0,6.07,55.0,48.0,6.0,6.0,54.0,6.0,5.07,54.0,5.0,6.42,49.0,4.0,3.23,53.0,5.0,5.7,53.0,5.0,6.3
Africa,Central Africa,Sao Tome and Principe,1.8,1.9,1.5,1.0,1.0,1.5,2.5,2.0,3.0,2.0,1.0,2.5,2.5,3.0,1.5,1.0,2.5,1.7,1.0,1.5,3.0,2.0,1.0,4.79,6.0,5.0,7.0,7.0,6.0,4.5,5.0,3.5,3.0,3.5,3.0,4.0,STP,Sao Tome and Principe,SSA,45.0,69.0,4.0,5.375159,45.0,67.0,4.0,4.820227,45.0,65.0,4.0,4.820227,45.0,66.0,4.0,4.820227,47.0,63.0,4.0,5.058542,46.0,64.0,4.0,5.363743,46.0,64.0,4.0,5.05,46.0,64.0,4.0,5.21,46.0,3.0,0.93,42.0,3.0,5.0,42.0,3.0,5.05,42.0,3.0,5.0,42.0,3.0,5.0
Africa,East Africa,Djibouti,4.85,4.5,7.0,8.0,3.0,8.0,6.0,6.0,1.5,6.0,4.0,3.0,2.0,3.5,1.0,2.0,6.5,5.2,1.0,6.0,6.0,7.0,6.0,4.08,3.5,3.0,6.5,4.5,3.5,4.0,5.0,5.0,4.5,2.5,4.0,3.0,DJI,Djibouti,SSA,31.0,127.0,5.0,1.978427,30.0,130.0,5.0,1.711382,30.0,130.0,5.0,1.737748,30.0,128.0,5.0,1.680318,27.0,142.0,5.0,1.529401,30.0,126.0,5.0,4.276603,31.0,124.0,4.0,5.38,31.0,122.0,4.0,5.32,30.0,3.0,8.23,34.0,3.0,9.07,34.0,3.0,9.1,36.0,3.0,8.6,36.0,3.0,8.6
Africa,East Africa,Eritrea,3.92,3.93,9.0,8.5,1.0,8.0,4.0,7.0,2.0,3.0,2.5,2.0,1.5,4.0,1.0,1.5,4.0,3.9,1.0,5.0,9.5,2.5,1.5,2.21,1.0,1.0,2.0,2.5,2.0,2.5,6.5,3.0,2.5,1.0,1.5,1.0,ERI,Eritrea,SSA,13.0,173.0,5.0,5.512898,21.0,161.0,5.0,4.729734,22.0,162.0,5.0,4.78386,22.0,161.0,5.0,4.991703,21.0,160.0,5.0,4.579689,23.0,160.0,5.0,6.657395,24.0,157.0,5.0,8.24,20.0,165.0,5.0,5.74,18.0,5.0,6.24,18.0,4.0,8.15,18.0,4.0,7.91,20.0,4.0,11.0,25.0,4.0,9.2
Africa,East Africa,Ethiopia,6.03,6.17,8.0,7.5,6.5,8.5,7.0,8.0,4.5,6.5,7.0,3.5,4.0,6.0,3.0,5.5,7.0,5.9,4.0,7.0,6.0,6.0,6.5,4.5,3.5,4.0,5.5,6.0,5.0,4.0,4.0,6.0,4.5,3.0,5.0,3.5,ETH,Ethiopia,SSA,37.0,99.0,8.0,1.375359,37.0,98.0,8.0,1.204134,38.0,94.0,8.0,1.31184,39.0,87.0,8.0,1.212617,38.0,94.0,9.0,1.002015,37.0,96.0,9.0,1.516015,34.0,114.0,8.0,1.52,35.0,107.0,9.0,1.36,34.0,9.0,1.37,33.0,8.0,2.73,33.0,8.0,2.54,33.0,8.0,2.5,33.0,8.0,1.6
Africa,East Africa,Kenya,7.18,7.27,8.0,8.0,7.5,7.5,7.5,6.5,6.5,7.0,7.0,8.0,6.5,6.5,6.5,8.0,8.0,7.1,7.0,8.0,8.0,6.5,6.0,5.17,4.5,4.0,7.5,7.0,5.5,5.0,5.5,5.5,5.0,3.0,3.5,6.0,KEN,Kenya,SSA,32.0,121.0,9.0,2.081272,31.0,126.0,9.0,1.544741,32.0,123.0,9.0,1.500969,30.0,128.0,9.0,1.317507,31.0,124.0,9.0,1.492908,28.0,137.0,9.0,2.167752,27.0,144.0,9.0,1.82,28.0,143.0,9.0,1.94,26.0,9.0,1.72,25.0,8.0,3.02,25.0,8.0,2.98,27.0,8.0,2.7,27.0,8.0,2.2
Africa,East Africa,Somalia,6.55,5.6,8.5,8.0,9.5,9.0,7.0,6.0,6.5,6.0,4.0,2.5,2.0,2.5,3.0,2.5,7.0,7.5,9.5,7.5,8.0,6.0,6.5,1.88,1.5,1.5,3.0,2.5,2.0,1.5,1.5,2.0,1.5,1.5,1.5,2.5,SOM,Somalia,SSA,9.0,179.0,6.0,2.301335,11.0,180.0,6.0,2.077071,12.0,180.0,6.0,1.738225,13.0,178.0,6.0,1.891675,12.0,179.0,6.0,2.292273,9.0,180.0,5.0,1.740826,10.0,180.0,6.0,3.08,9.0,180.0,5.0,2.26,10.0,5.0,2.98,8.0,4.0,2.32,8.0,4.0,2.34,8.0,4.0,1.9,8.0,4.0,2.3
Africa,East Africa,South Sudan,6.42,5.33,8.5,7.0,5.5,8.0,6.0,5.0,7.0,6.5,8.5,2.0,1.5,3.0,2.0,2.0,7.5,7.5,5.5,7.5,9.0,8.0,7.5,2.04,2.0,1.5,3.0,3.0,2.0,2.0,1.5,1.5,3.0,1.5,1.5,2.0,SSD,South Sudan,SSA,8.0,180.0,5.0,2.091349,13.0,177.0,5.0,1.328441,13.0,178.0,5.0,1.899278,11.0,180.0,5.0,0.4090756,12.0,179.0,5.0,1.108644,12.0,179.0,5.0,1.263942,13.0,178.0,5.0,1.86,12.0,179.0,5.0,1.56,11.0,5.0,3.21,15.0,3.0,1.45,15.0,3.0,2.35,14.0,3.0,1.6,,,
Africa,East Africa,Sudan,6.63,5.67,8.5,9.0,7.5,9.5,4.0,4.0,3.0,4.5,9.0,2.5,1.5,6.5,5.0,3.0,7.5,7.6,7.5,6.5,8.5,8.0,7.5,2.25,1.5,1.5,4.0,4.5,2.5,2.0,2.0,3.0,2.0,1.0,1.5,1.5,SDN,Sudan,SSA,15.0,170.0,8.0,1.904104,20.0,162.0,8.0,3.126031,22.0,162.0,8.0,3.467837,20.0,164.0,8.0,2.428313,16.0,174.0,7.0,2.14281,16.0,173.0,7.0,2.743431,16.0,172.0,7.0,2.51,16.0,175.0,7.0,2.31,14.0,7.0,2.99,12.0,6.0,3.64,11.0,6.0,3.55,11.0,6.0,3.5,13.0,6.0,2.9
Africa,East Africa,Tanzania,5.93,6.27,6.5,6.0,4.0,6.0,7.0,6.5,7.0,7.0,6.5,8.0,6.5,6.5,5.5,5.0,6.0,5.6,3.0,6.5,6.0,6.0,6.5,4.17,4.5,3.0,5.0,6.0,5.0,4.0,4.5,4.5,4.0,3.0,3.0,3.5,TZA,Tanzania,SSA,41.0,82.0,9.0,2.149441,40.0,87.0,9.0,2.20367,38.0,94.0,9.0,0.994391,39.0,87.0,9.0,1.394554,38.0,94.0,9.0,0.8037881,37.0,96.0,9.0,1.918592,36.0,99.0,9.0,1.83,36.0,103.0,9.0,1.55,32.0,9.0,1.84,30.0,8.0,3.49,31.0,8.0,3.2,33.0,8.0,2.7,35.0,8.0,2.1
Africa,East Africa,Uganda,6.65,6.5,7.5,7.0,5.5,6.5,7.5,6.0,7.5,7.0,8.0,6.0,5.0,6.5,4.0,6.0,7.5,6.8,5.5,7.0,8.0,7.0,6.5,3.67,4.5,2.0,5.0,5.0,4.0,3.0,4.5,3.5,3.5,2.0,4.0,3.0,UGA,Uganda,SSA,26.0,140.0,8.0,1.190468,26.0,141.0,8.0,1.296407,26.0,142.0,8.0,1.489444,27.0,144.0,9.0,1.221429,27.0,142.0,9.0,1.153836,28.0,137.0,9.0,2.035011,26.0,149.0,9.0,2.13,26.0,151.0,9.0,2.11,25.0,9.0,2.24,25.0,8.0,3.19,26.0,8.0,3.03,26.0,8.0,3.3,29.0,8.0,2.2
Africa,North Africa,Algeria,4.97,5.33,4.0,7.5,3.0,4.5,6.0,6.5,1.5,5.5,7.5,2.5,4.5,7.0,7.5,4.5,8.0,4.6,1.0,5.0,7.5,5.0,4.5,4.25,4.5,3.0,5.0,6.5,3.0,6.0,5.5,4.0,4.5,3.0,3.5,2.5,DZA,Algeria,MENA,34.0,107.0,8.0,2.640527,36.0,104.0,7.0,2.327238,33.0,116.0,6.0,1.673809,33.0,117.0,7.0,1.07623,36.0,104.0,7.0,1.481484,35.0,106.0,7.0,2.590262,35.0,105.0,6.0,1.21,33.0,112.0,6.0,2.32,34.0,6.0,2.94,36.0,5.0,1.85,36.0,5.0,2.06,36.0,6.0,2.8,34.0,6.0,3.3
Africa,North Africa,Egypt,5.3,5.2,6.0,7.0,3.5,7.0,6.0,3.5,1.0,5.5,4.0,5.5,2.5,7.5,8.0,3.0,8.0,5.4,4.0,6.0,8.5,5.0,3.5,3.75,4.0,2.5,5.0,4.5,2.5,5.0,5.0,5.0,4.0,2.5,2.5,2.5,EGY,Egypt,MENA,30.0,130.0,8.0,3.618536,35.0,108.0,7.0,3.745501,30.0,130.0,6.0,1.780133,33.0,117.0,7.0,4.088,33.0,117.0,7.0,3.681736,35.0,106.0,7.0,4.863433,35.0,105.0,7.0,4.59,32.0,117.0,7.0,4.04,34.0,6.0,2.72,36.0,6.0,2.47,37.0,6.0,2.91,32.0,7.0,3.1,32.0,7.0,3.1
Africa,North Africa,Libya,7.05,6.7,8.5,9.5,9.0,9.5,6.5,7.0,1.0,3.5,9.5,2.5,6.5,7.0,8.0,3.5,9.0,7.4,9.0,8.0,9.5,5.5,5.0,1.88,2.5,1.5,2.5,2.0,1.5,2.0,2.0,2.0,2.0,1.0,1.5,2.0,LBY,Libya,MENA,13.0,173.0,6.0,2.633989,18.0,170.0,5.0,1.829811,17.0,171.0,5.0,1.594005,17.0,172.0,5.0,1.71509,17.0,173.0,5.0,1.71509,18.0,168.0,5.0,2.241052,17.0,170.0,5.0,2.57,17.0,171.0,5.0,3.05,14.0,4.0,2.0,16.0,5.0,3.18,18.0,5.0,2.81,15.0,6.0,3.3,21.0,6.0,4.0
Africa,North Africa,Mauritania,4.4,4.5,7.5,7.0,3.0,4.0,6.0,6.0,1.5,4.5,3.5,1.5,5.0,7.0,3.0,1.5,6.5,4.3,1.0,5.5,6.5,5.0,3.5,3.25,4.0,3.0,4.0,3.5,2.5,3.0,3.5,4.5,3.0,2.0,2.5,3.5,MRT,Mauritania,SSA,30.0,130.0,6.0,2.29225,30.0,130.0,6.0,1.653217,30.0,130.0,6.0,1.680436,28.0,140.0,7.0,1.850721,29.0,134.0,6.0,1.603382,28.0,137.0,6.0,2.729102,27.0,144.0,6.0,2.95,28.0,143.0,6.0,2.41,27.0,5.0,3.62,31.0,5.0,5.07,30.0,5.0,4.23,30.0,5.0,4.1,31.0,5.0,3.5
Africa,North Africa,Morocco,5.37,5.53,5.5,7.5,5.5,2.0,7.0,6.0,2.0,5.0,3.5,4.5,6.5,9.0,7.0,4.5,7.5,5.2,1.5,7.0,7.5,5.5,4.5,4.67,4.5,3.5,6.0,6.5,4.0,5.5,6.0,4.0,4.5,4.5,4.0,3.0,MAR,Morocco,MENA,37.0,99.0,8.0,1.548977,38.0,97.0,7.0,1.703866,38.0,94.0,7.0,1.79714,39.0,87.0,6.0,2.474511,40.0,86.0,7.0,2.215573,41.0,80.0,7.0,3.150518,43.0,73.0,7.0,3.68,40.0,81.0,7.0,2.6,37.0,7.0,1.74,36.0,6.0,3.85,39.0,6.0,3.57,37.0,8.0,2.9,37.0,8.0,3.2
Africa,North Africa,Tunisia,4.68,5.17,4.5,8.0,3.5,3.0,6.0,6.0,2.5,5.0,6.0,3.0,4.0,7.0,7.0,4.0,8.0,4.2,1.5,4.5,6.5,4.0,4.5,4.33,4.5,3.0,5.5,6.0,3.0,5.0,6.0,5.5,3.5,4.0,3.0,3.0,TUN,Tunisia,MENA,39.0,92.0,8.0,1.241438,40.0,87.0,7.0,1.702574,40.0,85.0,7.0,1.123165,44.0,70.0,7.0,1.899039,44.0,69.0,7.0,2.827469,43.0,74.0,7.0,3.941079,43.0,73.0,7.0,3.86,42.0,74.0,7.0,3.73,41.0,7.0,3.9,38.0,6.0,2.17,40.0,6.0,1.72,41.0,7.0,1.9,41.0,7.0,2.8
Africa,Southern Africa,Botswana,4.17,4.23,4.0,3.5,1.5,3.0,5.5,5.5,2.0,7.5,4.0,3.5,3.5,4.5,4.0,5.5,6.0,4.1,1.0,5.5,4.5,5.5,4.0,5.38,5.0,4.0,7.5,7.0,6.0,5.0,5.0,5.5,6.0,4.5,4.5,4.5,BWA,Botswana,SSA,57.0,43.0,9.0,2.406198,59.0,39.0,7.0,3.042194,60.0,35.0,8.0,2.630613,55.0,45.0,8.0,3.191742,60.0,35.0,7.0,2.876193,61.0,34.0,7.0,3.731927,61.0,34.0,7.0,2.76,61.0,34.0,7.0,2.74,60.0,6.0,3.1,63.0,6.0,2.35,63.0,6.0,1.93,64.0,7.0,1.6,65.0,7.0,1.9
Africa,Southern Africa,Comoros,3.83,3.67,4.5,6.0,1.5,3.0,2.5,4.5,3.0,6.0,2.0,4.0,2.0,3.5,5.0,2.0,5.5,4.0,1.5,4.5,7.0,5.0,2.0,2.63,2.5,2.0,3.0,2.5,2.0,2.5,3.0,4.0,3.0,2.0,2.5,2.5,COM,Comoros,SSA,21.0,158.0,4.0,8.206746,20.0,162.0,4.0,5.512739,19.0,167.0,4.0,5.478607,20.0,164.0,4.0,5.829758,21.0,160.0,4.0,5.749558,25.0,153.0,4.0,8.904729,27.0,144.0,4.0,9.0,27.0,148.0,4.0,8.87,24.0,3.0,12.81,26.0,3.0,8.76,26.0,3.0,8.75,28.0,3.0,7.5,28.0,3.0,7.5
Africa,Southern Africa,eSwatini,4.25,3.8,4.0,4.5,3.0,3.5,4.5,4.5,1.5,2.0,3.5,3.0,3.0,6.0,3.0,5.0,6.0,4.7,1.0,5.5,6.5,4.5,6.0,3.21,3.0,2.0,5.0,3.0,3.0,3.0,4.0,4.5,2.5,2.5,4.0,2.0,SWZ,Eswatini,SSA,27.0,135.0,4.0,3.497027,30.0,130.0,3.0,5.899071,30.0,130.0,3.0,5.899071,32.0,122.0,3.0,7.1218,33.0,117.0,4.0,4.93164,34.0,113.0,4.0,6.075864,38.0,89.0,3.0,4.48,39.0,85.0,3.0,5.81,,,,,,,43.0,3.0,2.98,39.0,4.0,1.8,37.0,4.0,2.1
Africa,Southern Africa,Lesotho,4.52,3.73,4.0,3.5,3.0,5.0,2.5,3.5,1.0,3.0,6.0,3.5,5.0,5.5,3.5,2.0,5.0,5.3,6.0,5.5,7.0,5.5,2.5,3.92,4.5,3.5,7.0,4.5,3.0,3.0,3.5,4.0,4.0,3.5,3.5,3.0,LSO,Lesotho,SSA,37.0,99.0,6.0,4.131208,39.0,93.0,5.0,4.650449,37.0,99.0,6.0,3.874885,38.0,96.0,6.0,4.002569,41.0,83.0,6.0,3.237793,40.0,85.0,6.0,3.949422,41.0,78.0,6.0,3.67,42.0,74.0,6.0,4.08,39.0,5.0,6.15,44.0,5.0,4.99,49.0,5.0,3.55,49.0,5.0,3.6,45.0,5.0,4.6
Africa,Southern Africa,Madagascar,5.83,5.47,5.5,4.0,5.5,5.5,4.5,4.0,8.0,8.0,8.0,7.0,4.0,6.5,3.5,2.0,6.0,6.2,5.0,6.0,8.0,6.5,5.5,3.25,3.5,2.0,3.0,3.5,2.5,3.5,5.0,4.5,2.5,2.5,4.0,2.5,MDG,Madagascar,SSA,26.0,140.0,7.0,1.378805,25.0,145.0,7.0,1.525142,26.0,142.0,7.0,1.673997,26.0,147.0,7.0,1.689165,25.0,149.0,8.0,1.511308,24.0,158.0,8.0,2.475335,25.0,152.0,7.0,2.64,24.0,155.0,8.0,2.72,26.0,7.0,2.88,28.0,7.0,2.99,28.0,8.0,3.38,28.0,8.0,1.9,32.0,8.0,3.2
Africa,Southern Africa,Malawi,4.17,4.53,5.0,4.5,2.0,4.0,6.0,6.0,5.0,6.5,4.5,2.0,3.5,6.5,3.0,2.5,7.0,3.8,1.0,4.5,4.0,5.5,4.0,4.42,4.5,5.0,5.5,5.5,5.0,3.5,3.0,5.0,4.0,3.0,4.0,5.0,MWI,Malawi,SSA,34.0,107.0,9.0,1.416354,34.0,115.0,9.0,1.421499,34.0,110.0,9.0,1.707906,35.0,110.0,9.0,1.694355,30.0,129.0,9.0,1.156581,31.0,123.0,9.0,1.779217,32.0,120.0,9.0,2.61,31.0,122.0,9.0,1.85,31.0,9.0,2.11,31.0,8.0,2.41,33.0,8.0,3.03,37.0,8.0,1.7,37.0,8.0,1.5
Africa,Southern Africa,Mauritius,4.23,4.17,4.5,3.5,1.5,2.5,4.0,1.5,3.5,3.0,4.0,8.0,3.5,5.5,8.0,4.0,5.5,4.3,2.0,5.5,5.0,4.0,5.0,5.58,6.0,6.0,6.5,6.0,6.0,5.5,5.5,4.0,7.0,4.0,5.0,5.5,MUS,Mauritius,SSA,51.0,56.0,7.0,2.52956,51.0,55.0,6.0,2.037093,50.0,57.0,6.0,1.783055,54.0,49.0,6.0,1.597818,53.0,52.0,6.0,1.535955,52.0,56.0,6.0,3.12463,51.0,56.0,5.0,3.83,50.0,54.0,5.0,4.41,54.0,4.0,2.14,53.0,4.0,1.49,54.0,4.0,2.39,52.0,5.0,1.1,57.0,5.0,3.5
Africa,Southern Africa,Mozambique,6.63,6.37,5.0,6.0,6.0,6.5,5.0,5.5,8.0,8.0,8.5,8.0,6.5,4.5,7.5,3.5,7.0,6.9,6.0,8.0,9.0,7.5,4.0,3.25,2.5,3.0,5.5,5.5,2.0,2.0,3.0,3.0,4.0,3.0,3.0,2.5,MOZ,Mozambique,SSA,25.0,146.0,8.0,2.391397,25.0,145.0,8.0,1.905192,26.0,142.0,8.0,1.893434,26.0,147.0,8.0,1.98776,25.0,149.0,9.0,1.597154,26.0,146.0,9.0,2.977371,23.0,158.0,8.0,2.64,25.0,153.0,8.0,2.87,27.0,8.0,2.57,31.0,7.0,1.97,31.0,7.0,1.89,30.0,7.0,2.0,31.0,7.0,1.6
Africa,Southern Africa,Namibia,4.43,4.17,3.5,2.5,1.5,3.5,4.5,3.5,6.5,6.0,4.5,3.0,4.5,4.0,4.5,5.5,5.0,4.7,1.0,5.5,6.0,6.5,4.5,4.58,5.0,4.0,6.5,6.5,4.0,3.5,3.5,3.5,4.5,4.0,4.0,6.0,NAM,Namibia,SSA,49.0,59.0,8.0,1.61373,49.0,59.0,6.0,2.841784,49.0,59.0,7.0,2.484917,49.0,58.0,7.0,2.614393,51.0,57.0,7.0,1.883827,52.0,56.0,7.0,3.132607,53.0,52.0,6.0,3.72,51.0,53.0,6.0,3.22,52.0,5.0,2.03,53.0,5.0,2.75,49.0,5.0,4.0,48.0,6.0,3.4,48.0,6.0,3.5
Africa,Southern Africa,Seychelles,3.65,3.4,4.0,3.5,1.0,3.0,3.0,2.0,1.0,4.5,2.0,8.0,4.5,3.5,3.5,2.0,5.5,3.9,1.5,5.0,4.0,5.0,4.0,5.38,6.0,6.0,6.5,5.5,6.0,5.0,5.0,5.0,4.5,4.5,5.0,5.5,SYC,Seychelles,SSA,72.0,18.0,4.0,3.970868,71.0,20.0,3.0,0.3737209,70.0,23.0,3.0,1.77507,70.0,23.0,3.0,1.343867,66.0,27.0,4.0,2.974329,66.0,27.0,4.0,3.396858,66.0,28.0,4.0,3.08,60.0,36.0,4.0,8.32,,,,55.0,3.0,8.5,55.0,3.0,8.62,54.0,4.0,8.2,52.0,4.0,8.0
Africa,Southern Africa,South Africa,7.43,7.17,4.5,5.5,8.5,8.0,7.0,7.0,6.0,8.0,8.0,8.0,7.5,5.0,9.0,8.0,7.5,7.7,8.0,8.0,8.0,7.5,7.0,5.67,5.5,5.5,7.0,7.0,6.0,4.5,6.0,5.0,6.0,4.0,4.5,7.0,ZAF,South Africa,SSA,41.0,82.0,9.0,2.432995,41.0,83.0,8.0,2.084248,43.0,72.0,8.0,2.006997,44.0,70.0,8.0,2.354487,44.0,69.0,8.0,2.167147,44.0,70.0,8.0,3.442128,43.0,73.0,8.0,3.8,43.0,71.0,8.0,3.98,45.0,7.0,2.55,44.0,7.0,2.61,44.0,7.0,2.41,42.0,9.0,2.8,43.0,9.0,2.5
Africa,Southern Africa,Zambia,4.78,4.57,5.0,4.0,2.5,3.0,4.5,5.0,7.5,5.5,5.5,4.5,3.5,5.0,3.5,4.0,5.5,5.0,2.0,6.0,6.5,7.0,3.5,4.67,4.5,4.0,5.5,6.5,5.0,4.0,3.5,5.5,5.5,3.0,4.0,5.0,ZMB,Zambia,SSA,39.0,92.0,9.0,1.762468,37.0,98.0,8.0,2.055679,33.0,116.0,9.0,1.495884,33.0,117.0,9.0,1.634307,33.0,117.0,9.0,0.9566052,34.0,113.0,9.0,1.973667,35.0,105.0,9.0,1.93,37.0,96.0,9.0,2.46,38.0,9.0,2.91,38.0,8.0,2.55,38.0,8.0,2.27,38.0,8.0,2.1,37.0,8.0,3.1
Africa,Southern Africa,Zimbabwe,5.55,5.2,5.5,5.0,2.5,4.5,5.0,6.5,5.0,7.0,8.5,4.5,3.0,4.5,5.5,4.5,6.5,5.9,2.5,7.5,8.0,6.5,5.0,3.04,2.5,3.0,3.5,3.5,2.0,2.5,4.0,4.0,2.5,2.0,4.0,3.0,ZWE,Zimbabwe,SSA,21.0,158.0,9.0,0.9126086,24.0,149.0,9.0,1.301722,23.0,157.0,8.0,1.53208,23.0,157.0,8.0,1.51809,24.0,157.0,9.0,1.352586,24.0,158.0,9.0,2.307745,22.0,160.0,9.0,2.29,22.0,157.0,9.0,2.22,22.0,9.0,2.59,21.0,8.0,4.54,21.0,8.0,4.18,21.0,8.0,4.3,20.0,8.0,4.3
Africa,West Africa,Benin,5.15,5.2,6.0,4.5,4.5,6.0,6.5,5.0,6.0,5.0,5.5,2.5,6.5,5.0,6.0,3.0,6.0,5.1,1.0,6.0,6.0,8.0,4.5,3.75,4.0,4.0,4.5,3.0,3.0,4.0,3.0,4.5,4.0,3.5,3.0,4.5,BEN,Benin,SSA,45.0,69.0,6.0,3.395473,43.0,70.0,6.0,3.131058,43.0,72.0,7.0,2.416439,42.0,78.0,7.0,2.348642,41.0,83.0,7.0,1.797036,41.0,80.0,7.0,2.639245,40.0,85.0,6.0,3.14,39.0,85.0,6.0,4.17,36.0,6.0,3.8,37.0,5.0,4.43,39.0,4.0,4.38,36.0,6.0,3.4,36.0,6.0,4.3
Africa,West Africa,Burkina Faso,6.03,5.77,7.0,4.0,7.0,8.0,6.0,6.5,5.5,6.5,8.5,3.5,4.0,4.5,5.5,4.5,5.5,6.3,5.0,7.0,7.0,6.5,6.0,2.88,2.0,3.5,3.5,5.5,2.5,3.0,2.0,3.5,2.5,2.0,2.0,2.5,BFA,Burkina Faso,SSA,41.0,82.0,7.0,2.299357,41.0,83.0,7.0,1.782614,42.0,77.0,7.0,1.367199,42.0,78.0,7.0,1.367199,40.0,86.0,8.0,1.622322,40.0,85.0,8.0,2.542852,41.0,78.0,8.0,1.81,42.0,74.0,7.0,2.18,42.0,7.0,2.47,38.0,7.0,2.97,38.0,7.0,2.67,38.0,7.0,3.9,38.0,7.0,4.4
Africa,West Africa,Cabo Verde,4.08,3.57,4.5,2.5,1.5,3.0,4.0,4.5,1.5,4.0,1.5,2.5,7.0,5.5,4.0,3.5,4.0,4.6,3.0,5.0,4.0,6.5,4.5,6.54,7.0,7.0,8.0,7.0,7.5,6.0,7.0,5.5,6.0,4.0,6.5,7.0,CPV,Cabo Verde,SSA,62.0,35.0,5.0,3.855352,64.0,30.0,3.0,3.048059,60.0,35.0,4.0,4.811593,58.0,39.0,4.0,2.965474,58.0,41.0,4.0,3.722509,58.0,41.0,4.0,4.298384,57.0,45.0,4.0,4.22,55.0,48.0,4.0,4.19,59.0,3.0,5.72,55.0,4.0,6.16,57.0,4.0,5.94,58.0,4.0,4.8,60.0,4.0,3.8
Africa,West Africa,CÃ´te d'Ivoire,5.78,5.67,6.5,5.5,5.0,6.5,6.5,4.0,6.5,6.5,6.5,2.0,6.0,6.5,6.0,4.5,6.5,5.9,3.5,6.5,7.0,7.5,5.0,5.13,5.0,4.5,6.0,6.0,5.0,5.5,5.0,4.5,5.0,4.5,5.5,5.0,CIV,Cote d'Ivoire,SSA,45.0,69.0,9.0,2.48308,40.0,87.0,9.0,1.890965,37.0,99.0,9.0,1.9721,36.0,105.0,9.0,1.403537,36.0,104.0,9.0,1.458328,35.0,106.0,9.0,2.488668,35.0,105.0,9.0,2.05,36.0,103.0,8.0,2.03,34.0,8.0,2.03,32.0,8.0,2.65,32.0,8.0,4.2,27.0,8.0,2.3,29.0,8.0,2.4
Africa,West Africa,Gambia,4.58,4.47,6.0,5.0,2.0,2.5,6.5,3.0,5.5,4.0,3.0,2.5,7.5,6.5,5.0,2.0,6.0,4.7,1.0,6.5,7.0,5.0,4.0,5.13,5.0,5.0,5.5,5.5,4.5,5.0,6.5,5.0,5.0,3.5,4.5,6.5,GMB,Gambia,SSA,38.0,96.0,7.0,3.190805,37.0,98.0,7.0,3.338873,34.0,110.0,7.0,3.762664,37.0,102.0,8.0,3.383628,37.0,102.0,8.0,3.193978,37.0,96.0,7.0,5.980328,37.0,93.0,6.0,9.44,30.0,130.0,6.0,6.22,26.0,5.0,7.2,28.0,5.0,6.67,29.0,5.0,7.55,28.0,5.0,6.7,34.0,5.0,7.0
Africa,West Africa,Ghana,5.77,6.03,6.5,5.5,3.5,6.5,5.5,5.0,7.0,6.5,8.0,5.5,6.5,6.5,6.5,5.0,6.5,5.5,2.0,7.0,7.5,6.0,5.0,5.33,5.0,5.5,6.5,5.5,5.0,4.5,6.0,6.0,5.5,4.0,4.0,6.5,GHA,Ghana,SSA,42.0,80.0,10.0,1.690387,43.0,70.0,9.0,1.46851,43.0,72.0,9.0,1.431706,43.0,73.0,9.0,1.530811,43.0,75.0,9.0,1.516466,41.0,80.0,9.0,2.756812,41.0,78.0,9.0,2.54,40.0,81.0,9.0,2.56,43.0,9.0,2.89,47.0,8.0,2.82,48.0,8.0,3.01,46.0,9.0,3.3,45.0,9.0,3.8
Africa,West Africa,Guinea,5.05,4.9,6.5,4.5,1.0,5.5,7.0,4.5,5.0,6.0,7.0,1.0,7.5,5.0,5.5,2.0,5.5,5.2,1.0,6.5,8.0,6.5,4.0,2.96,2.0,3.0,3.5,3.0,3.0,3.0,3.5,3.0,3.0,2.5,3.0,3.0,GIN,Guinea,SSA,28.0,133.0,7.0,1.13146,26.0,141.0,7.0,1.69493,25.0,147.0,7.0,1.602557,25.0,150.0,8.0,1.268435,28.0,137.0,8.0,1.878107,29.0,130.0,8.0,2.499444,28.0,138.0,6.0,2.67,27.0,148.0,7.0,2.37,27.0,5.0,2.54,25.0,6.0,3.16,25.0,7.0,3.21,24.0,7.0,3.6,24.0,7.0,2.7
Africa,West Africa,Guinea-Bissau,4.88,4.17,5.5,2.5,1.0,4.5,4.0,4.0,7.0,6.0,1.5,3.0,8.5,4.0,3.0,2.0,6.0,5.6,1.0,8.0,8.5,6.5,4.0,2.67,2.0,2.5,4.0,3.0,3.0,3.0,3.5,3.0,1.5,1.5,2.0,3.0,GNB,Guinea Bissau,SSA,21.0,158.0,6.0,4.301311,22.0,158.0,6.0,2.925183,21.0,164.0,6.0,2.668904,21.0,162.0,6.0,2.692334,19.0,165.0,6.0,2.70877,18.0,168.0,6.0,2.909114,16.0,172.0,5.0,1.97,17.0,171.0,5.0,1.7,16.0,4.0,2.09,17.0,4.0,2.63,19.0,4.0,2.37,19.0,4.0,2.4,25.0,4.0,2.1
Africa,West Africa,Liberia,5.65,5.3,6.0,3.0,1.0,5.0,6.5,5.0,7.5,6.0,7.0,3.0,7.0,6.0,5.0,4.0,7.5,6.0,3.0,7.0,7.5,6.5,6.0,3.38,3.5,3.0,4.0,4.0,3.5,4.0,3.5,3.5,3.0,2.0,2.0,4.5,LBR,Liberia,SSA,27.0,135.0,8.0,2.01491,25.0,145.0,7.0,1.639768,26.0,142.0,7.0,1.715974,29.0,136.0,8.0,1.697025,28.0,137.0,7.0,2.011254,28.0,137.0,7.0,2.667331,32.0,120.0,8.0,3.31,31.0,122.0,8.0,3.24,37.0,7.0,3.43,37.0,7.0,4.22,37.0,6.0,3.09,38.0,7.0,3.3,41.0,7.0,3.9
Africa,West Africa,Mali,6.33,6.37,7.5,7.0,8.0,8.0,6.5,7.0,5.5,5.0,8.0,2.5,6.0,7.0,6.5,4.0,7.0,6.3,7.0,6.5,8.0,6.0,4.0,2.08,2.0,2.0,3.0,2.5,2.0,2.0,1.5,2.5,2.0,1.5,2.0,2.0,MLI,Mali,SSA,27.0,135.0,8.0,2.311731,28.0,136.0,8.0,1.491682,28.0,137.0,8.0,1.628118,29.0,136.0,8.0,1.463211,30.0,129.0,8.0,1.49772,29.0,130.0,8.0,2.620483,32.0,120.0,7.0,1.38,31.0,122.0,7.0,2.08,32.0,6.0,1.75,35.0,6.0,1.89,32.0,6.0,3.37,28.0,6.0,3.3,34.0,6.0,4.0
Africa,West Africa,Niger,5.93,5.87,8.0,8.0,6.0,8.0,7.0,6.0,2.5,5.0,7.5,3.0,5.5,6.5,7.5,1.0,6.5,6.0,5.5,7.0,8.0,6.5,3.0,2.96,3.0,2.0,3.5,4.5,2.0,3.5,3.0,4.0,3.5,2.0,2.5,2.0,NER,Niger,SSA,34.0,107.0,7.0,2.028056,32.0,125.0,7.0,1.504424,32.0,123.0,7.0,1.499769,31.0,124.0,7.0,1.353731,32.0,123.0,7.0,1.196653,32.0,120.0,7.0,1.715677,34.0,114.0,6.0,2.98,33.0,112.0,6.0,3.27,35.0,5.0,3.25,34.0,5.0,4.16,35.0,5.0,3.99,34.0,5.0,3.7,33.0,5.0,3.1
Africa,West Africa,Nigeria,7.32,7.33,8.0,6.5,8.0,8.0,8.0,6.5,6.0,7.5,8.0,6.0,7.5,7.0,8.5,6.5,8.0,7.3,6.5,8.0,8.0,7.0,7.0,5.46,5.5,4.5,7.5,7.0,4.5,5.5,4.0,4.5,6.0,4.5,5.5,6.5,NGA,Nigeria,SSA,26.0,140.0,10.0,1.453927,25.0,145.0,8.0,1.639001,24.0,150.0,8.0,1.60437,24.0,154.0,8.0,1.567548,25.0,149.0,8.0,1.44864,26.0,146.0,8.0,1.868129,27.0,144.0,9.0,2.03,27.0,148.0,9.0,1.97,28.0,9.0,1.98,26.0,8.0,2.24,27.0,8.0,2.82,25.0,9.0,3.1,27.0,9.0,2.7
Africa,West Africa,Senegal,5.22,5.33,6.0,6.0,2.0,5.5,7.0,6.0,7.0,6.5,5.0,1.0,7.0,6.0,4.0,5.0,6.0,5.1,1.0,6.0,5.5,6.5,6.5,5.88,5.5,5.5,7.0,6.5,5.0,6.0,7.0,5.5,5.5,5.0,5.0,7.0,SEN,Senegal,SSA,45.0,69.0,9.0,1.411876,43.0,70.0,9.0,1.346635,43.0,72.0,9.0,1.395357,43.0,73.0,9.0,1.352063,45.0,67.0,9.0,1.328981,45.0,66.0,9.0,2.063146,45.0,67.0,9.0,2.51,45.0,66.0,9.0,2.52,45.0,8.0,2.63,44.0,8.0,2.61,43.0,8.0,2.28,41.0,9.0,1.5,36.0,9.0,1.8
Africa,West Africa,Sierra Leone,5.42,4.93,5.5,4.0,2.0,3.5,5.0,4.0,6.5,6.5,7.0,2.0,7.5,6.0,7.0,2.5,5.0,5.9,3.5,6.5,8.0,7.5,4.0,4.04,3.5,3.5,5.0,4.0,3.0,4.5,4.0,4.5,3.5,3.5,4.5,5.0,SLE,Sierra Leone,SSA,33.0,114.0,9.0,2.167765,35.0,108.0,8.0,2.136913,34.0,110.0,9.0,1.725161,34.0,115.0,9.0,1.835758,33.0,117.0,8.0,2.420917,33.0,119.0,8.0,3.465013,30.0,129.0,9.0,2.17,30.0,130.0,9.0,1.95,30.0,8.0,2.94,29.0,8.0,3.44,31.0,8.0,2.3,30.0,8.0,2.4,31.0,8.0,1.9
Africa,West Africa,Togo,5.22,4.63,5.5,4.0,1.0,4.0,7.0,5.5,4.5,5.5,6.0,2.5,6.0,6.0,5.0,3.0,4.0,5.8,1.0,7.0,7.5,7.5,6.0,4.42,3.5,4.0,6.0,5.5,4.0,5.0,3.0,3.5,5.0,5.0,5.0,3.5,TGO,Togo,SSA,32.0,121.0,7.0,1.377684,31.0,126.0,7.0,1.147705,30.0,130.0,7.0,1.69541,30.0,128.0,7.0,1.603653,29.0,134.0,7.0,1.750591,29.0,130.0,7.0,2.4049,30.0,129.0,6.0,2.35,32.0,117.0,6.0,3.29,32.0,5.0,4.21,32.0,5.0,3.04,29.0,5.0,3.69,29.0,5.0,3.7,30.0,5.0,3.4
Americas,Caribbean,Antigua and Barbuda,3.03,2.57,4.0,3.0,1.0,4.0,1.5,1.0,1.0,3.5,1.0,1.5,6.0,5.5,1.5,1.5,2.5,3.5,3.0,3.5,3.0,5.5,2.5,4.67,4.5,5.0,6.0,5.0,3.0,4.5,4.5,4.0,5.0,4.0,5.0,5.5,ATG,,,,,,,,,,,,,,,,,,,,,,,,,,,,,,,,,,,,,,,,,,,,,,,,,
Americas,Caribbean,Bahamas,3.88,3.67,5.0,5.5,2.5,5.5,2.0,2.0,1.0,4.5,1.0,4.0,7.5,4.5,3.0,3.0,4.0,4.1,4.5,3.0,3.0,6.5,3.5,5.58,5.5,5.5,6.5,7.0,4.0,6.5,4.5,5.5,4.0,7.0,6.0,5.0,BHS,Bahamas,AME,65.0,28.0,3.0,6.237338,64.0,30.0,3.0,5.47035,64.0,30.0,3.0,5.318037,64.0,30.0,3.0,5.631818,63.0,30.0,3.0,5.801677,64.0,29.0,3.0,5.825616,65.0,29.0,3.0,5.39,65.0,28.0,3.0,5.39,66.0,3.0,5.2,,,,71.0,3.0,0.99,71.0,3.0,1.0,71.0,3.0,1.0
Americas,Caribbean,Barbados,2.9,2.5,4.0,2.5,2.0,4.5,2.0,1.0,1.0,1.5,1.0,1.0,6.0,4.5,1.5,2.5,2.5,3.3,5.0,4.0,3.0,3.0,1.5,6.13,6.0,7.5,7.5,7.0,4.5,7.0,6.5,5.5,4.5,5.5,6.0,6.0,BRB,Barbados,AME,68.0,23.0,3.0,3.118658,69.0,24.0,3.0,3.366726,65.0,29.0,4.0,3.281295,65.0,29.0,4.0,3.065789,64.0,29.0,4.0,5.471437,62.0,30.0,4.0,6.05961,68.0,25.0,3.0,3.12,68.0,25.0,3.0,3.24,61.0,3.0,6.91,,,,74.0,3.0,8.09,75.0,3.0,7.1,76.0,3.0,6.7
Americas,Caribbean,Cuba,3.35,3.4,6.0,5.5,1.0,1.5,5.5,3.0,2.5,3.0,3.0,1.0,4.0,5.0,3.5,3.0,3.5,3.3,3.5,3.0,3.5,2.0,4.5,4.96,5.5,2.5,6.5,5.5,3.0,6.0,7.0,5.5,5.0,4.0,6.0,3.0,CUB,Cuba,AME,41.0,82.0,5.0,3.088408,42.0,76.0,5.0,3.457847,45.0,65.0,5.0,2.870733,46.0,64.0,5.0,3.069005,47.0,63.0,5.0,2.812264,48.0,60.0,5.0,1.869706,47.0,61.0,5.0,2.56,47.0,62.0,5.0,2.36,47.0,5.0,2.9,47.0,4.0,3.64,46.0,4.0,4.46,46.0,4.0,4.5,48.0,4.0,4.1
Americas,Caribbean,Dominica,2.32,2.43,2.0,2.5,1.0,5.0,1.0,1.5,1.0,1.5,1.0,1.0,6.0,5.5,1.5,2.0,4.0,2.2,1.0,4.0,2.0,2.5,1.5,5.29,4.0,4.5,7.0,5.0,5.0,5.5,6.0,5.5,5.0,5.0,6.0,5.0,DMA,Dominica,AME,60.0,36.0,3.0,1.738621,56.0,42.0,3.0,1.914757,55.0,45.0,3.0,1.896461,55.0,45.0,3.0,1.976205,55.0,48.0,3.0,1.976205,55.0,48.0,3.0,2.164824,57.0,45.0,3.0,2.55,57.0,42.0,3.0,2.55,59.0,3.0,0.85,,,,58.0,3.0,2.34,58.0,3.0,2.3,58.0,3.0,2.3
Americas,Caribbean,Dominican Republic,5.17,5.33,6.5,6.5,4.0,4.5,6.0,5.0,5.0,4.5,4.5,6.5,8.0,5.5,4.5,4.0,5.0,5.0,5.0,5.5,5.5,4.5,4.5,4.92,5.0,3.5,7.5,5.0,3.5,5.0,5.5,5.0,5.0,4.0,5.0,5.0,DOM,Dominican Republic,AME,36.0,104.0,7.0,2.332524,35.0,108.0,7.0,1.621773,32.0,123.0,7.0,1.305089,30.0,128.0,7.0,1.157533,28.0,137.0,7.0,1.913811,28.0,137.0,7.0,2.699341,30.0,129.0,7.0,2.57,29.0,135.0,7.0,2.56,31.0,6.0,1.89,33.0,6.0,2.63,32.0,6.0,3.3,29.0,6.0,3.5,32.0,6.0,2.7
Americas,Caribbean,Grenada,2.72,2.43,2.0,2.5,1.0,3.0,1.0,1.0,1.0,2.5,3.5,1.0,6.0,5.5,1.5,2.0,3.0,3.0,1.0,3.0,3.5,4.0,3.5,5.17,5.5,5.0,6.0,5.5,4.0,6.5,6.0,5.0,6.0,4.0,4.0,4.5,GRD,Grenada,AME,56.0,46.0,3.0,4.95147,53.0,49.0,3.0,3.736033,52.0,51.0,3.0,3.230875,53.0,52.0,3.0,3.992716,53.0,52.0,3.0,3.481887,53.0,51.0,3.0,4.3738,52.0,53.0,3.0,3.0,52.0,52.0,3.0,3.0,56.0,3.0,4.63,,,,,,,,,,,,
Americas,Caribbean,Haiti,6.53,6.27,8.0,7.5,8.0,8.5,6.0,6.0,7.0,5.0,6.5,2.0,8.5,6.5,3.5,3.0,8.0,6.8,9.0,7.0,8.5,4.5,5.0,2.21,2.0,1.5,3.5,4.0,2.0,1.5,1.5,2.0,1.5,1.5,2.0,3.5,HTI,Haiti,AME,16.0,168.0,6.0,2.134819,17.0,172.0,6.0,1.32469,17.0,171.0,6.0,1.343835,20.0,164.0,6.0,0.7415972,18.0,170.0,6.0,2.47075,18.0,168.0,6.0,3.234971,20.0,161.0,6.0,2.47,22.0,157.0,6.0,2.05,20.0,5.0,1.81,17.0,5.0,2.74,19.0,5.0,2.86,19.0,5.0,3.1,19.0,5.0,2.8
Americas,Caribbean,Jamaica,5.93,5.07,5.0,3.5,6.0,9.0,6.0,6.5,2.5,2.5,1.5,3.0,6.5,8.5,3.5,5.0,7.0,6.8,8.0,8.0,7.5,7.0,3.5,5.33,4.0,4.0,7.0,5.5,4.0,5.5,6.5,5.0,4.5,5.0,6.5,6.5,JAM,Jamaica,AME,44.0,73.0,7.0,2.7751,44.0,69.0,7.0,3.061407,44.0,69.0,6.0,3.659677,44.0,70.0,6.0,3.664829,44.0,69.0,7.0,3.343189,43.0,74.0,7.0,3.583508,44.0,70.0,7.0,3.37,44.0,68.0,7.0,3.96,39.0,6.0,1.84,41.0,6.0,1.68,38.0,6.0,1.8,38.0,6.0,1.8,38.0,6.0,2.2
Americas,Caribbean,St. Kitts and Nevis,3.1,2.6,2.0,3.0,1.5,5.0,2.0,1.5,1.0,1.0,1.0,1.0,7.0,6.0,1.0,1.5,4.5,3.6,1.0,5.0,5.0,5.5,1.5,5.38,6.0,5.5,6.0,6.5,7.0,5.0,6.0,6.0,4.0,3.0,4.5,5.0,KNA,,,,,,,,,,,,,,,,,,,,,,,,,,,,,,,,,,,,,,,,,,,,,,,,,
Americas,Caribbean,St. Lucia,3.35,2.6,4.0,1.5,1.0,5.0,2.0,1.5,1.0,1.0,1.0,1.0,7.5,7.0,1.0,2.0,2.5,4.1,5.5,4.5,3.0,6.0,1.5,5.54,7.0,5.5,6.0,6.5,6.0,4.5,5.5,4.5,5.5,5.5,6.0,4.0,LCA,Saint Lucia,AME,59.0,38.0,3.0,7.909218,55.0,45.0,3.0,3.700181,55.0,45.0,3.0,3.700181,56.0,42.0,3.0,4.0273,56.0,45.0,3.0,4.166605,55.0,48.0,3.0,4.154687,55.0,50.0,3.0,4.27,55.0,48.0,3.0,4.27,60.0,3.0,6.8,,,,71.0,3.0,0.84,71.0,3.0,0.8,71.0,3.0,0.8
Americas,Caribbean,St. Vincent and the Grenadines,2.87,2.53,2.5,1.0,1.0,4.0,2.0,2.0,1.0,1.0,1.0,1.0,7.5,7.5,1.0,3.0,2.5,3.2,1.5,5.0,2.0,5.5,2.0,5.42,6.0,6.0,6.0,6.5,6.0,4.5,5.5,5.5,4.5,3.0,5.5,6.0,VCT,Saint Vincent and the Grenadines,AME,63.0,32.0,3.0,1.943217,60.0,36.0,3.0,4.2627,60.0,35.0,3.0,4.509137,59.0,36.0,3.0,3.547121,59.0,40.0,3.0,4.019743,59.0,39.0,3.0,4.14181,58.0,41.0,3.0,3.39,58.0,40.0,3.0,3.39,60.0,3.0,1.66,,,,62.0,3.0,5.59,62.0,3.0,5.6,62.0,3.0,5.6
Americas,Caribbean,Trinidad and Tobago,5.22,4.93,6.5,4.5,5.5,7.0,4.5,5.0,1.0,3.0,2.5,2.5,8.0,7.0,4.0,6.5,6.5,5.5,6.0,6.0,5.0,6.5,4.0,5.08,4.5,5.0,6.5,7.0,3.5,4.0,4.5,5.0,4.0,5.5,5.0,6.5,TTO,Trinidad and Tobago,AME,41.0,82.0,6.0,4.436315,42.0,76.0,6.0,4.874883,42.0,77.0,7.0,3.860194,41.0,82.0,7.0,3.656795,40.0,86.0,7.0,3.733581,40.0,85.0,7.0,5.378127,41.0,78.0,6.0,5.8,41.0,77.0,6.0,5.47,35.0,5.0,2.48,39.0,4.0,4.64,38.0,4.0,4.82,38.0,4.0,5.1,39.0,4.0,4.5
Americas,Central America,Belize,4.97,4.53,5.5,6.5,3.0,5.0,3.5,4.0,5.5,6.0,4.0,2.5,5.5,5.0,3.5,3.5,5.0,5.4,6.5,3.5,5.5,6.0,5.5,3.58,6.0,2.5,4.5,3.5,4.0,4.0,2.0,2.5,2.5,3.5,4.0,4.0,BLZ,,,,,,,,,,,,,,,,,,,,,,,,,,,,,,,,,,,,,,,,,,,,,,,,,
Americas,Central America,Costa Rica,5.9,5.6,5.5,6.5,6.0,5.0,6.0,6.0,5.0,6.0,7.0,1.0,8.0,4.5,4.0,7.5,6.0,6.2,8.0,6.0,3.5,7.5,6.0,5.63,6.5,6.0,6.5,6.5,6.0,5.0,5.0,4.5,5.0,5.0,5.0,6.5,CRI,Costa Rica,AME,58.0,42.0,7.0,3.076445,55.0,45.0,7.0,2.899478,54.0,48.0,7.0,3.160666,58.0,39.0,7.0,2.42006,57.0,42.0,7.0,2.581013,56.0,44.0,7.0,3.971018,56.0,48.0,7.0,3.65,59.0,38.0,7.0,2.98,58.0,7.0,3.17,55.0,6.0,2.71,54.0,5.0,4.07,53.0,5.0,4.1,54.0,5.0,7.0
Americas,Central America,El Salvador,5.45,5.1,7.5,7.0,5.0,6.5,5.5,5.0,3.0,5.0,1.5,1.5,7.5,6.0,2.5,6.5,6.5,5.8,6.0,6.0,7.5,5.0,4.5,3.25,3.0,2.0,4.5,3.5,2.0,3.0,5.5,3.5,2.5,3.5,4.0,2.0,SLV,El Salvador,AME,30.0,130.0,7.0,1.014181,31.0,126.0,7.0,1.256549,33.0,116.0,7.0,1.910915,34.0,115.0,7.0,1.591921,36.0,104.0,7.0,1.378282,34.0,113.0,7.0,2.563654,35.0,105.0,7.0,2.59,33.0,112.0,7.0,3.25,36.0,7.0,2.76,39.0,6.0,2.26,39.0,6.0,1.98,38.0,6.0,2.0,38.0,6.0,2.8
Americas,Central America,Guatemala,6.77,6.23,7.5,7.5,8.5,7.0,6.0,5.5,4.5,4.0,3.0,7.0,8.5,6.0,6.5,5.0,7.0,7.3,8.0,6.0,8.0,8.0,6.5,4.0,3.0,3.5,5.5,4.5,3.5,5.5,3.0,4.0,4.0,4.0,4.0,3.5,GTM,Guatemala,AME,25.0,146.0,7.0,1.499999,23.0,154.0,7.0,1.362267,24.0,150.0,7.0,1.129734,25.0,150.0,7.0,1.173231,25.0,149.0,7.0,1.380452,26.0,146.0,7.0,2.231707,27.0,144.0,7.0,2.56,28.0,143.0,7.0,2.19,28.0,6.0,2.58,28.0,6.0,3.46,32.0,6.0,2.96,29.0,6.0,2.6,33.0,6.0,2.7
Americas,Central America,Honduras,7.1,6.1,7.5,7.0,9.0,7.0,3.5,4.5,7.0,6.5,5.0,1.5,8.5,7.0,3.5,6.5,7.5,8.1,8.5,7.5,8.5,8.0,8.0,3.92,2.5,3.5,6.0,4.5,3.0,5.0,4.0,4.0,3.5,3.0,4.5,3.5,HND,Honduras,AME,22.0,154.0,8.0,1.018556,23.0,154.0,8.0,0.5349705,23.0,157.0,8.0,0.5017294,23.0,157.0,8.0,0.8461102,24.0,157.0,7.0,1.523377,26.0,146.0,7.0,3.254164,29.0,132.0,8.0,2.42,29.0,135.0,8.0,2.32,30.0,7.0,3.05,31.0,7.0,4.12,29.0,6.0,3.49,26.0,6.0,2.5,28.0,6.0,2.4
Americas,Central America,Mexico,7.68,8.27,8.0,9.0,9.0,9.0,8.5,7.5,7.5,7.5,8.0,7.5,9.0,8.0,9.0,8.0,8.5,7.1,9.0,8.5,7.5,4.0,6.5,4.5,3.5,4.0,7.0,5.5,4.0,5.0,3.0,4.5,5.0,3.5,4.0,5.0,MEX,Mexico,AME,26.0,140.0,8.0,1.664771,31.0,126.0,9.0,1.560548,31.0,126.0,9.0,1.623537,31.0,124.0,9.0,1.429597,31.0,124.0,9.0,1.381333,29.0,130.0,9.0,1.725735,28.0,138.0,9.0,1.83,29.0,135.0,9.0,1.69,30.0,8.0,1.56,31.0,8.0,3.02,35.0,8.0,1.66,34.0,9.0,1.8,34.0,9.0,1.7
Americas,Central America,Nicaragua,5.73,5.27,7.5,7.0,2.0,6.0,5.0,6.0,6.5,6.0,7.0,1.5,8.0,6.0,3.0,3.5,4.0,6.2,4.0,6.5,9.0,7.0,4.5,2.0,1.5,1.0,2.0,3.0,1.5,2.0,2.5,2.5,2.0,2.0,3.0,1.0,NIC,Nicaragua,AME,14.0,172.0,7.0,1.436382,17.0,172.0,7.0,0.9571449,19.0,167.0,8.0,1.040381,20.0,164.0,8.0,0.9706379,22.0,159.0,7.0,0.898374,22.0,161.0,7.0,1.162477,25.0,152.0,8.0,1.13,26.0,151.0,8.0,1.29,26.0,7.0,1.98,27.0,7.0,2.5,28.0,7.0,2.03,28.0,7.0,2.4,29.0,7.0,2.1
Americas,Central America,Panama,6.93,6.57,7.0,7.5,6.5,7.0,7.0,7.5,6.0,7.0,7.0,4.5,8.5,4.5,4.0,7.0,7.5,7.3,7.5,7.0,7.5,6.5,8.0,4.71,4.0,4.0,6.0,6.0,3.0,4.5,5.5,3.5,5.5,4.0,4.5,6.0,PAN,Panama,AME,33.0,114.0,7.0,1.442943,35.0,108.0,7.0,1.171405,36.0,101.0,7.0,1.082802,36.0,105.0,7.0,1.017901,35.0,111.0,7.0,0.7690077,36.0,101.0,7.0,1.374419,37.0,93.0,7.0,1.76,37.0,96.0,7.0,1.79,38.0,6.0,2.29,39.0,6.0,3.01,37.0,6.0,3.49,35.0,6.0,2.2,38.0,6.0,3.1
Americas,North America,Canada,4.17,4.13,4.0,5.0,3.0,4.0,4.5,4.0,2.0,3.5,1.5,4.0,5.0,3.0,6.5,7.0,5.0,4.2,5.0,5.0,2.0,4.5,4.5,7.38,7.5,7.0,8.5,8.0,7.0,7.5,6.5,6.0,7.5,8.5,6.5,8.0,CAN,Canada,AME,75.0,15.0,8.0,1.950074,76.0,12.0,8.0,1.725637,74.0,14.0,8.0,2.123417,74.0,13.0,8.0,2.299962,77.0,11.0,8.0,1.771133,77.0,12.0,8.0,2.796791,81.0,9.0,8.0,2.16,82.0,8.0,8.0,1.49,82.0,7.0,2.03,83.0,7.0,1.63,81.0,7.0,2.45,81.0,7.0,2.4,84.0,7.0,2.2
Americas,North America,United States,5.87,6.13,6.5,6.5,3.5,7.5,6.5,5.5,2.5,5.5,5.0,6.5,7.0,4.5,9.0,8.0,8.0,5.6,5.5,6.0,4.5,6.0,6.0,6.96,6.0,6.5,8.5,6.5,6.0,8.0,6.0,6.0,7.5,7.5,7.0,8.0,USA,United States of America,AME,65.0,28.0,9.0,2.179555,69.0,24.0,9.0,2.142744,69.0,24.0,9.0,2.110072,67.0,27.0,9.0,2.209513,67.0,25.0,9.0,2.486317,69.0,23.0,9.0,4.115168,71.0,22.0,9.0,3.25,75.0,16.0,9.0,3.24,74.0,9.0,3.15,76.0,8.0,3.47,74.0,8.0,3.74,73.0,9.0,4.0,73.0,9.0,4.1
Americas,South America,Argentina,5.25,5.0,5.0,3.5,5.0,4.0,7.0,7.0,4.0,5.0,3.0,2.0,7.5,7.5,4.0,6.0,4.5,5.5,5.0,6.0,6.0,5.5,5.0,5.67,6.0,4.5,6.0,6.5,5.0,5.5,5.5,6.0,5.5,5.5,5.0,7.0,ARG,Argentina,AME,37.0,99.0,8.0,3.013744,37.0,98.0,8.0,2.046685,38.0,94.0,7.0,2.334808,38.0,96.0,8.0,2.099133,42.0,78.0,8.0,2.318056,45.0,66.0,8.0,3.288657,40.0,85.0,8.0,2.7,39.0,85.0,8.0,2.92,36.0,8.0,1.76,32.0,7.0,1.84,34.0,7.0,2.42,34.0,8.0,2.4,35.0,8.0,2.6
Americas,South America,Bolivia,5.12,5.03,5.5,4.0,3.0,5.0,5.0,7.0,7.5,6.0,8.0,1.0,8.5,3.0,2.5,4.5,5.0,5.2,4.0,5.0,6.5,5.5,5.0,4.63,4.5,4.0,5.0,6.0,3.0,4.5,4.5,4.5,4.0,5.0,5.5,5.0,BOL,Bolivia,AME,28.0,133.0,7.0,3.101006,29.0,133.0,7.0,2.310445,31.0,126.0,6.0,2.41325,30.0,128.0,7.0,1.684876,31.0,124.0,7.0,2.048029,31.0,123.0,7.0,2.996561,29.0,132.0,7.0,3.6,33.0,112.0,6.0,2.98,33.0,8.0,2.85,34.0,7.0,3.58,35.0,7.0,2.98,34.0,7.0,3.7,34.0,7.0,3.7
Americas,South America,Brazil,7.07,7.23,6.5,6.0,7.5,8.5,7.5,6.0,8.5,8.5,8.5,2.5,9.0,8.5,5.0,8.0,8.0,6.9,8.0,7.0,8.5,4.0,7.0,5.04,4.0,4.5,7.5,5.0,3.5,4.0,5.0,6.0,6.0,5.0,4.0,6.0,BRA,Brazil,AME,34.0,107.0,8.0,2.413868,36.0,104.0,8.0,1.466162,38.0,94.0,8.0,1.576192,38.0,96.0,8.0,1.613992,38.0,94.0,8.0,2.499375,35.0,106.0,8.0,4.060288,35.0,105.0,8.0,4.05,37.0,96.0,8.0,4.24,40.0,8.0,4.34,38.0,7.0,5.29,43.0,7.0,4.01,42.0,8.0,3.7,43.0,8.0,3.3
Americas,South America,Chile,5.48,5.37,6.5,5.5,5.0,6.5,6.0,5.0,4.5,5.5,3.5,2.0,7.5,7.0,5.5,5.5,5.0,5.6,5.0,6.0,5.5,6.5,5.0,6.17,6.5,7.0,8.0,6.5,5.0,4.5,4.0,6.5,6.5,6.0,6.5,7.0,CHL,Chile,AME,63.0,32.0,8.0,2.296134,66.0,29.0,9.0,1.540951,67.0,27.0,9.0,1.34103,67.0,27.0,9.0,1.32958,67.0,25.0,9.0,1.225991,67.0,26.0,9.0,2.552611,67.0,27.0,9.0,1.88,67.0,26.0,9.0,2.03,66.0,8.0,2.65,70.0,8.0,2.15,73.0,8.0,1.74,71.0,9.0,1.8,72.0,9.0,2.1
Americas,South America,Colombia,7.82,7.43,8.0,8.0,9.0,8.0,7.0,6.0,7.5,7.0,9.0,4.5,9.5,7.0,6.0,7.0,8.0,8.2,9.5,9.5,7.5,7.5,7.0,5.46,5.5,5.5,9.0,6.5,5.0,4.5,4.0,6.0,4.5,4.0,4.5,6.5,COL,Colombia,AME,39.0,92.0,8.0,2.589917,40.0,87.0,8.0,1.423581,39.0,91.0,8.0,1.379437,39.0,87.0,8.0,1.454743,39.0,92.0,8.0,1.588306,37.0,96.0,8.0,2.493945,36.0,99.0,8.0,2.51,37.0,96.0,8.0,2.77,37.0,8.0,2.27,37.0,7.0,1.94,37.0,7.0,1.68,36.0,7.0,2.0,36.0,7.0,2.6
Americas,South America,Ecuador,7.48,7.07,6.5,6.5,8.5,8.5,6.0,6.5,7.5,7.0,8.0,6.5,9.0,6.0,5.5,7.0,7.0,7.9,8.5,8.5,7.5,8.0,7.0,4.46,3.5,4.5,6.5,5.0,3.0,4.0,3.5,5.0,4.5,5.0,4.0,5.0,ECU,Ecuador,AME,32.0,121.0,7.0,2.339157,34.0,115.0,7.0,1.475489,36.0,101.0,7.0,1.071171,36.0,105.0,7.0,1.576255,39.0,92.0,7.0,1.732201,38.0,93.0,7.0,2.19252,34.0,114.0,7.0,3.46,32.0,117.0,7.0,2.66,31.0,6.0,1.96,32.0,6.0,2.86,33.0,5.0,3.56,35.0,6.0,3.6,32.0,6.0,2.9
Americas,South America,Guyana,5.78,5.17,5.5,4.5,7.0,6.0,4.0,4.0,4.5,4.0,9.0,3.0,8.5,3.5,3.5,2.5,8.0,6.4,4.0,5.0,8.0,7.0,8.0,4.25,4.0,3.5,5.5,3.5,4.0,3.5,4.0,4.5,4.5,5.0,5.0,4.0,GUY,Guyana,AME,39.0,92.0,5.0,1.584077,40.0,87.0,5.0,2.313902,40.0,85.0,5.0,2.183024,39.0,87.0,5.0,2.13326,41.0,83.0,5.0,3.539517,40.0,85.0,5.0,3.337288,37.0,93.0,5.0,0.77,38.0,91.0,5.0,1.84,34.0,6.0,3.57,29.0,4.0,3.01,30.0,4.0,3.03,27.0,4.0,2.9,28.0,4.0,2.1
Americas,South America,Paraguay,7.48,6.67,7.5,5.5,6.5,9.0,9.0,8.0,7.0,6.5,4.0,1.0,8.5,9.0,4.5,6.5,7.5,8.3,7.5,8.0,9.0,9.0,8.0,3.29,2.0,3.0,6.5,3.5,2.5,2.0,4.0,2.5,3.5,2.0,3.5,4.5,PRY,Paraguay,AME,24.0,149.0,7.0,2.330985,28.0,136.0,6.0,1.83682,28.0,137.0,7.0,1.697594,30.0,128.0,7.0,1.400964,28.0,137.0,6.0,2.190555,28.0,137.0,6.0,2.835402,29.0,132.0,6.0,3.05,29.0,135.0,6.0,3.1,30.0,6.0,2.68,27.0,5.0,2.85,24.0,5.0,2.95,24.0,5.0,3.1,25.0,5.0,2.9
Americas,South America,Peru,6.62,6.33,7.0,6.5,5.5,7.0,8.5,4.5,7.5,6.0,9.0,4.5,9.0,5.5,3.5,5.0,6.0,6.9,7.0,8.5,8.0,6.5,4.5,4.46,2.5,5.0,5.5,6.0,6.0,4.0,5.0,4.5,4.0,3.5,3.5,4.0,PER,Peru,AME,31.0,127.0,8.0,2.261391,33.0,121.0,8.0,1.402434,36.0,101.0,8.0,1.434337,36.0,105.0,8.0,1.839955,38.0,94.0,8.0,1.979993,36.0,101.0,8.0,3.065588,35.0,105.0,8.0,3.1,37.0,96.0,8.0,3.35,35.0,7.0,2.04,36.0,7.0,3.05,38.0,7.0,2.63,38.0,7.0,2.5,38.0,7.0,2.1
Americas,South America,Suriname,4.9,4.5,4.5,5.0,2.0,5.5,5.0,4.5,4.5,4.0,9.0,1.0,8.5,2.0,3.0,4.0,5.0,5.3,3.0,5.0,8.5,6.0,4.0,3.17,3.0,2.0,5.0,3.0,3.5,3.0,2.0,2.5,2.0,3.0,4.5,4.5,SUR,Suriname,AME,40.0,88.0,4.0,5.661176,40.0,87.0,4.0,5.908999,40.0,85.0,4.0,5.380863,39.0,87.0,4.0,4.289223,38.0,94.0,4.0,1.686898,44.0,70.0,4.0,4.763029,43.0,73.0,4.0,3.22,41.0,77.0,4.0,4.08,45.0,4.0,7.53,36.0,3.0,3.21,36.0,3.0,3.25,36.0,3.0,3.2,37.0,3.0,3.2
Americas,South America,Uruguay,3.57,3.53,3.5,3.0,3.0,4.0,4.0,4.0,1.0,4.5,1.5,1.5,6.5,4.0,4.0,4.5,4.0,3.6,2.5,4.5,3.5,4.0,3.5,7.46,7.5,8.5,9.0,7.0,6.0,7.5,7.0,6.5,8.0,7.5,6.5,8.5,URY,Uruguay,AME,76.0,13.0,7.0,1.456331,73.0,16.0,7.0,0.6729261,74.0,14.0,7.0,0.6598858,73.0,18.0,7.0,0.6759979,71.0,21.0,7.0,1.723601,71.0,21.0,7.0,2.472212,70.0,23.0,7.0,2.73,70.0,23.0,7.0,2.67,71.0,6.0,2.68,74.0,6.0,1.68,73.0,6.0,1.41,73.0,6.0,1.4,72.0,6.0,1.5
Americas,South America,Venezuela,6.97,6.43,8.0,7.5,8.5,8.0,6.5,7.0,4.0,5.0,9.0,1.5,9.0,7.0,3.0,4.5,8.0,7.5,9.5,5.5,9.0,7.5,6.0,1.88,1.5,1.5,2.0,2.0,1.5,1.5,3.0,1.5,1.5,2.0,2.0,2.5,VEN,Venezuela,AME,10.0,178.0,8.0,1.266052,13.0,177.0,8.0,1.226027,14.0,177.0,8.0,1.296945,14.0,177.0,8.0,0.9911299,15.0,176.0,8.0,0.9144296,16.0,173.0,8.0,2.048858,18.0,168.0,8.0,2.13,18.0,169.0,8.0,1.6,17.0,7.0,1.41,17.0,7.0,2.64,19.0,7.0,1.69,20.0,7.0,2.3,19.0,7.0,2.1
Asia,Central Asia and the Caucasus,Armenia,3.02,3.13,3.5,1.5,1.5,2.5,3.5,3.5,3.5,4.0,3.0,4.0,2.0,3.5,4.0,3.5,3.5,2.9,2.0,3.0,3.5,3.0,3.0,5.63,6.5,6.0,7.0,6.5,4.5,6.5,3.0,5.5,6.0,5.0,4.5,6.5,ARM,Armenia,ECA,47.0,63.0,6.0,2.504353,47.0,62.0,6.0,2.543364,46.0,63.0,6.0,2.467806,49.0,58.0,6.0,3.764584,49.0,60.0,6.0,3.504781,42.0,77.0,6.0,4.310598,35.0,105.0,6.0,4.0,35.0,107.0,6.0,3.79,33.0,6.0,4.01,35.0,5.0,2.98,37.0,6.0,3.69,36.0,6.0,3.5,34.0,6.0,2.7
Asia,Central Asia and the Caucasus,Azerbaijan,5.03,4.27,4.5,3.0,2.5,3.0,5.5,4.5,3.5,4.0,5.5,6.5,2.0,5.5,5.5,3.0,5.5,5.8,5.0,5.5,8.5,6.0,4.0,3.96,3.5,3.0,5.0,4.0,2.5,4.5,5.0,4.0,4.5,4.0,4.0,3.5,AZE,Azerbaijan,ECA,22.0,154.0,6.0,2.376703,23.0,154.0,6.0,2.462465,23.0,157.0,6.0,2.397118,30.0,128.0,7.0,5.524198,30.0,129.0,7.0,5.000017,30.0,126.0,7.0,7.161777,25.0,152.0,6.0,4.09,31.0,122.0,7.0,5.64,30.0,7.0,5.13,29.0,6.0,3.25,29.0,6.0,3.02,28.0,6.0,3.5,27.0,6.0,2.5
Asia,Central Asia and the Caucasus,Georgia,3.87,3.83,4.0,2.0,4.0,3.5,5.0,3.0,4.0,4.0,3.0,4.0,2.5,3.5,4.5,5.0,5.5,3.9,3.5,3.5,4.0,3.0,5.5,5.0,4.0,4.0,5.0,6.5,3.0,6.5,4.5,4.5,5.0,6.5,5.5,5.0,GEO,Georgia,ECA,53.0,53.0,6.0,4.056248,53.0,49.0,6.0,3.99419,56.0,41.0,6.0,3.026622,55.0,45.0,6.0,2.843186,56.0,45.0,5.0,3.149734,56.0,44.0,5.0,3.835593,58.0,41.0,6.0,3.92,56.0,46.0,6.0,3.1,57.0,6.0,3.61,52.0,5.0,6.53,52.0,6.0,6.47,49.0,6.0,6.9,52.0,6.0,6.0
Asia,Central Asia and the Caucasus,Kazakhstan,4.45,4.5,6.0,4.5,3.0,3.0,4.0,4.5,2.0,5.0,5.5,6.0,2.5,5.0,6.5,4.0,6.0,4.4,3.0,5.0,6.0,4.0,4.0,4.67,5.0,4.0,5.5,5.5,5.0,4.5,5.5,4.5,4.5,4.0,4.5,3.5,KAZ,Kazakhstan,ECA,40.0,88.0,9.0,3.10723,39.0,93.0,9.0,3.195811,36.0,101.0,9.0,3.287702,37.0,102.0,9.0,3.331854,38.0,94.0,9.0,3.116287,34.0,113.0,9.0,4.176606,31.0,124.0,9.0,3.6,31.0,122.0,9.0,3.59,29.0,9.0,3.35,28.0,8.0,4.9,29.0,8.0,4.4,26.0,8.0,3.3,28.0,8.0,4.1
Asia,Central Asia and the Caucasus,Kyrgyzstan,5.25,4.9,7.0,5.5,4.5,3.5,5.5,4.5,2.5,4.0,6.5,7.0,2.0,6.0,5.5,3.0,6.5,5.6,5.5,5.5,8.5,4.5,4.0,3.79,3.0,2.0,4.5,4.0,3.0,3.5,4.5,3.5,4.0,4.0,5.0,4.5,KGZ,Kyrgyzstan,ECA,25.0,146.0,7.0,1.614391,26.0,141.0,7.0,1.689875,27.0,140.0,7.0,1.317177,27.0,144.0,7.0,1.163441,31.0,124.0,7.0,1.28063,30.0,126.0,7.0,2.540632,29.0,132.0,7.0,2.37,29.0,135.0,7.0,2.59,28.0,7.0,2.08,28.0,6.0,2.29,27.0,6.0,2.35,24.0,6.0,2.3,24.0,6.0,1.8
Asia,Central Asia and the Caucasus,Tajikistan,5.37,4.73,7.0,6.5,2.0,4.0,5.0,3.5,2.0,3.5,7.0,8.5,1.5,6.0,6.0,2.0,6.5,6.0,6.0,5.0,9.0,5.0,5.0,2.54,3.0,2.0,3.0,2.0,2.0,3.0,3.0,3.0,3.0,2.0,2.5,2.0,TJK,Tajikistan,ECA,19.0,164.0,5.0,1.760768,20.0,162.0,5.0,0.7774715,24.0,150.0,6.0,3.132439,25.0,150.0,6.0,3.968247,25.0,149.0,6.0,5.086641,25.0,153.0,6.0,6.659976,25.0,152.0,6.0,5.73,21.0,161.0,5.0,2.36,25.0,6.0,5.26,26.0,5.0,7.36,23.0,5.0,5.32,22.0,5.0,3.8,22.0,5.0,3.8
Asia,Central Asia and the Caucasus,Turkmenistan,4.35,4.4,8.0,5.5,4.0,2.0,4.5,5.0,2.0,2.5,7.0,6.5,1.5,4.0,4.5,2.5,6.5,4.3,2.0,4.5,9.0,3.5,2.5,2.17,2.0,1.5,1.5,2.5,1.5,2.0,4.5,3.0,2.0,2.0,2.0,1.5,TKM,Turkmenistan,ECA,17.0,165.0,5.0,0.8940756,18.0,170.0,5.0,1.447954,19.0,167.0,5.0,1.068664,19.0,169.0,5.0,1.068664,19.0,165.0,5.0,0.9122712,19.0,165.0,5.0,1.417115,20.0,161.0,5.0,1.22,19.0,167.0,5.0,1.78,22.0,4.0,1.32,18.0,4.0,2.38,17.0,3.0,2.85,17.0,3.0,2.9,17.0,3.0,2.9
Asia,Central Asia and the Caucasus,Uzbekistan,4.93,4.57,8.0,6.0,4.0,2.5,4.5,5.0,2.0,3.5,7.0,6.0,1.5,4.5,5.0,3.0,6.0,5.3,4.0,5.0,7.0,5.0,5.5,3.83,3.5,3.5,4.0,4.0,3.0,3.5,4.5,4.0,4.5,4.0,4.5,3.0,UZB,Uzbekistan,ECA,32.0,121.0,9.0,2.408453,33.0,121.0,9.0,2.122716,31.0,126.0,8.0,1.71464,28.0,140.0,7.0,1.509101,26.0,146.0,7.0,1.520405,25.0,153.0,7.0,2.01073,23.0,158.0,7.0,1.93,22.0,157.0,7.0,2.11,21.0,7.0,2.35,19.0,6.0,2.71,18.0,6.0,2.54,17.0,6.0,2.0,17.0,6.0,2.0
Asia,Eastern Asia,China,6.32,6.63,7.5,6.5,4.5,3.0,9.0,6.5,8.5,9.0,7.0,6.0,3.5,4.5,8.0,8.5,7.5,6.0,6.5,7.5,7.0,2.0,7.0,5.54,6.0,4.0,6.5,7.0,5.0,6.0,7.0,6.5,7.0,4.0,5.5,2.0,CHN,China,AP,43.0,76.0,8.0,1.635139,42.0,76.0,8.0,1.644832,45.0,65.0,9.0,1.811471,45.0,66.0,9.0,1.768843,42.0,78.0,8.0,1.630193,41.0,80.0,8.0,2.100923,39.0,87.0,8.0,2.02,41.0,77.0,9.0,1.96,40.0,8.0,2.39,37.0,8.0,2.34,36.0,8.0,2.17,40.0,9.0,2.9,39.0,9.0,2.9
Asia,Eastern Asia,Japan,4.25,3.9,5.0,4.0,4.5,2.0,3.0,2.0,4.0,6.0,3.0,1.5,3.0,4.5,5.0,4.5,6.5,4.6,5.5,6.0,2.0,4.5,5.0,7.5,7.0,8.0,9.0,7.5,8.0,7.5,8.5,7.5,8.0,5.5,6.0,7.5,JPN,Japan,AP,71.0,20.0,9.0,2.575762,73.0,16.0,9.0,1.748538,73.0,18.0,9.0,1.856516,73.0,18.0,9.0,2.100073,74.0,19.0,9.0,2.024722,73.0,20.0,9.0,3.510482,73.0,18.0,9.0,2.85,73.0,20.0,9.0,2.66,72.0,8.0,3.02,75.0,8.0,2.96,76.0,8.0,3.16,74.0,9.0,2.4,74.0,9.0,2.3
Asia,Eastern Asia,"Korea, DPR",4.68,5.47,9.0,6.0,1.5,9.5,7.5,4.0,2.0,3.0,7.5,4.0,1.5,2.0,7.5,9.0,8.0,3.9,1.0,3.0,10.0,4.5,1.0,1.63,1.0,1.0,2.0,2.0,1.0,1.5,6.0,1.0,1.0,1.0,1.0,1.0,PRK,"Korea, North",AP,15.0,170.0,4.0,4.120936,17.0,172.0,4.0,3.775732,17.0,171.0,4.0,3.775732,16.0,174.0,4.0,2.570172,18.0,170.0,4.0,3.455656,17.0,172.0,4.0,3.159824,14.0,176.0,4.0,1.39,17.0,171.0,4.0,4.18,12.0,3.0,1.39,8.0,3.0,3.38,8.0,3.0,3.35,8.0,3.0,3.4,8.0,3.0,3.4
Asia,Eastern Asia,"Korea, Rep.",4.42,3.63,5.5,3.5,1.5,2.0,4.0,3.5,3.5,4.5,2.0,3.0,3.5,3.5,5.5,4.5,4.5,5.2,5.5,5.0,4.0,6.5,5.0,8.0,8.5,7.5,8.5,9.0,8.5,8.0,8.0,8.0,7.0,7.0,8.0,8.0,KOR,"Korea, South",AP,64.0,30.0,9.0,1.000046,63.0,32.0,10.0,1.250259,63.0,31.0,10.0,1.031307,62.0,32.0,10.0,1.132928,61.0,33.0,10.0,1.110525,59.0,39.0,10.0,2.438926,57.0,45.0,10.0,2.74,54.0,51.0,10.0,2.24,53.0,9.0,2.33,54.0,9.0,2.29,55.0,9.0,2.64,55.0,10.0,2.4,56.0,10.0,2.4
Asia,Eastern Asia,Mongolia,4.03,3.87,5.0,3.0,2.5,3.0,4.5,2.0,5.5,4.5,6.0,1.5,1.0,3.0,5.5,6.0,5.0,4.2,1.0,4.5,5.5,5.0,5.0,5.29,5.5,5.5,6.5,6.5,4.5,5.0,5.5,5.0,4.0,4.5,6.0,5.0,MNG,Mongolia,AP,33.0,114.0,8.0,1.38398,33.0,121.0,7.0,1.052163,33.0,116.0,8.0,0.8162061,35.0,110.0,8.0,0.5707226,35.0,111.0,9.0,0.7091675,35.0,106.0,9.0,1.887561,37.0,93.0,9.0,1.94,36.0,103.0,9.0,1.4,38.0,9.0,1.7,39.0,8.0,1.76,39.0,7.0,2.13,38.0,7.0,2.2,36.0,7.0,2.6
Asia,South-Eastern Asia,Brunei,2.9,3.2,5.0,4.0,2.0,2.0,3.0,4.0,3.0,4.0,2.0,1.5,1.0,3.5,4.5,4.0,4.5,2.6,1.0,2.0,3.0,4.0,3.0,4.63,4.5,3.5,5.0,4.5,4.0,5.5,5.5,5.5,6.0,3.0,5.0,3.5,BRN,Brunei Darussalam,AP,,,,,,,,,,,,,,,,,60.0,35.0,3.0,5.585083,60.0,35.0,3.0,6.118152,63.0,31.0,3.0,6.62,62.0,32.0,3.0,8.72,58.0,3.0,8.85,,,,,,,60.0,3.0,10.4,55.0,3.0,9.1
Asia,South-Eastern Asia,Cambodia,7.02,6.73,8.5,7.0,6.0,6.0,8.0,6.0,8.0,8.5,7.5,4.5,2.0,4.5,8.5,7.5,8.5,7.3,5.0,7.5,9.0,8.0,7.0,3.46,3.5,3.5,5.0,4.0,3.0,2.5,4.0,4.0,4.0,3.0,3.0,2.0,KHM,Cambodia,AP,21.0,158.0,7.0,2.863744,22.0,158.0,7.0,2.904808,24.0,150.0,8.0,2.782431,23.0,157.0,8.0,2.842698,21.0,160.0,8.0,2.322713,20.0,162.0,8.0,3.409514,20.0,161.0,8.0,2.58,21.0,161.0,8.0,2.43,21.0,8.0,2.82,21.0,7.0,3.87,21.0,7.0,2.25,20.0,7.0,3.0,22.0,7.0,3.1
Asia,South-Eastern Asia,Indonesia,6.85,6.6,7.5,6.5,6.0,4.5,7.5,6.5,8.0,8.0,8.0,3.5,4.0,6.5,7.0,7.5,8.0,7.1,6.0,7.5,8.0,6.0,8.0,4.29,4.0,3.0,6.0,5.0,3.5,4.0,4.0,5.0,4.5,4.5,4.0,4.0,IDN,Indonesia,AP,37.0,99.0,9.0,2.16006,34.0,115.0,8.0,1.804611,34.0,110.0,8.0,1.783472,38.0,96.0,9.0,2.138731,37.0,102.0,9.0,1.708278,40.0,85.0,9.0,3.756684,38.0,89.0,9.0,3.35,37.0,96.0,9.0,3.12,37.0,8.0,2.39,36.0,8.0,3.39,34.0,8.0,3.57,32.0,9.0,3.5,32.0,9.0,2.9
Asia,South-Eastern Asia,Laos,6.37,6.33,8.0,6.5,4.5,5.5,7.5,7.0,8.0,8.5,3.5,7.5,1.5,4.5,9.0,5.5,8.0,6.4,2.5,7.0,7.5,8.0,7.0,3.38,3.5,2.5,4.0,4.0,3.0,4.0,2.5,3.0,3.5,4.0,3.5,3.0,LAO,Laos,AP,33.0,114.0,5.0,5.061834,28.0,136.0,4.0,2.440356,31.0,126.0,5.0,3.703161,30.0,128.0,5.0,3.212965,29.0,134.0,5.0,3.953034,29.0,130.0,5.0,4.995874,29.0,132.0,5.0,5.7,29.0,135.0,5.0,5.89,30.0,4.0,6.19,25.0,4.0,5.31,25.0,4.0,3.8,26.0,4.0,5.0,21.0,3.0,1.3
Asia,South-Eastern Asia,Malaysia,6.53,6.57,7.5,7.5,5.0,5.0,7.5,7.0,6.5,8.0,5.5,7.0,3.5,5.0,7.5,8.0,8.0,6.5,5.5,6.0,7.0,7.0,7.0,5.71,4.5,5.5,7.0,7.5,5.0,5.5,5.5,6.0,6.5,5.0,6.0,4.5,MYS,Malaysia,AP,50.0,57.0,9.0,1.096785,50.0,57.0,9.0,0.9731172,47.0,61.0,9.0,1.366884,48.0,62.0,9.0,1.319835,51.0,57.0,9.0,1.617509,53.0,51.0,9.0,2.292706,47.0,61.0,9.0,2.86,47.0,62.0,9.0,2.67,49.0,8.0,2.46,50.0,8.0,3.0,52.0,8.0,2.88,50.0,9.0,3.4,49.0,9.0,3.4
Asia,South-Eastern Asia,Myanmar,8.08,7.67,9.0,8.0,8.0,9.0,6.0,7.5,8.5,8.5,9.0,9.5,1.5,4.5,10.0,7.5,8.5,8.5,9.0,8.0,9.0,9.0,7.5,1.46,1.0,1.5,2.0,2.0,1.5,1.5,1.5,1.5,1.0,1.0,1.0,2.0,MMR,Myanmar,AP,16.0,168.0,7.0,2.00839,20.0,162.0,7.0,2.293598,23.0,157.0,7.0,1.897972,28.0,140.0,7.0,2.777369,28.0,137.0,7.0,2.650177,29.0,130.0,7.0,4.212792,29.0,132.0,7.0,3.94,30.0,130.0,7.0,3.91,28.0,8.0,3.69,22.0,7.0,2.82,21.0,7.0,2.87,21.0,6.0,3.9,15.0,4.0,3.7
Asia,South-Eastern Asia,Philippines,6.57,6.43,7.5,5.5,5.0,7.0,7.0,6.0,7.0,7.5,7.0,4.0,4.0,4.5,9.0,7.5,8.0,6.7,8.0,6.5,8.0,7.5,3.5,4.46,3.5,3.0,5.5,5.5,4.5,3.0,4.0,5.5,5.5,4.0,4.5,5.0,PHL,Philippines,AP,33.0,114.0,9.0,1.814664,34.0,115.0,9.0,1.210416,33.0,116.0,9.0,0.9319923,33.0,117.0,9.0,0.9365137,34.0,115.0,9.0,0.9200366,34.0,113.0,9.0,1.585877,36.0,99.0,9.0,1.55,34.0,111.0,9.0,1.9,35.0,9.0,1.58,35.0,8.0,1.92,38.0,8.0,1.84,36.0,9.0,2.5,34.0,9.0,2.2
Asia,South-Eastern Asia,Singapore,3.72,4.03,5.5,3.5,1.5,2.5,5.5,3.0,2.5,4.5,3.5,4.5,2.0,3.5,5.5,7.0,6.0,3.4,2.5,5.0,1.5,4.5,3.5,7.79,7.5,7.5,9.0,8.5,8.5,9.0,8.0,7.5,8.0,7.0,9.0,4.0,SGP,Singapore,AP,84.0,3.0,9.0,1.47885,83.0,5.0,9.0,1.145734,83.0,5.0,8.0,1.298433,85.0,4.0,9.0,1.159654,85.0,3.0,9.0,1.203239,85.0,4.0,9.0,2.0484,85.0,3.0,9.0,1.98,84.0,6.0,9.0,2.26,84.0,8.0,2.35,85.0,8.0,2.02,84.0,8.0,1.75,86.0,9.0,2.3,87.0,9.0,2.1
Asia,South-Eastern Asia,Thailand,6.37,6.83,7.5,7.5,6.0,6.5,7.5,7.0,6.5,8.0,5.5,8.5,4.0,4.5,9.0,6.5,8.0,5.9,2.0,6.0,7.0,7.5,7.0,4.96,5.5,4.5,6.5,6.0,4.0,5.5,4.0,5.5,5.0,4.5,5.0,3.5,THA,Thailand,AP,34.0,107.0,9.0,0.6491779,35.0,108.0,9.0,0.8833423,36.0,101.0,9.0,1.091841,35.0,110.0,9.0,0.8400027,36.0,104.0,9.0,1.307877,36.0,101.0,9.0,2.448041,36.0,99.0,9.0,2.08,37.0,96.0,9.0,2.03,35.0,9.0,2.44,38.0,8.0,2.12,38.0,8.0,1.6,35.0,8.0,1.2,37.0,8.0,1.6
Asia,South-Eastern Asia,Timor-Leste,3.98,3.47,5.0,5.5,4.0,4.0,2.5,5.0,2.0,5.0,2.0,1.5,1.5,2.0,4.0,2.5,5.5,4.5,5.0,4.0,4.5,5.0,4.0,3.88,4.0,3.5,4.0,4.0,3.5,4.0,3.0,4.0,3.5,3.5,4.5,5.0,TLS,Timor-Leste,AP,44.0,73.0,4.0,5.120092,43.0,70.0,4.0,5.186713,42.0,77.0,4.0,5.034718,41.0,82.0,4.0,3.684245,40.0,86.0,4.0,2.707735,38.0,93.0,4.0,4.49538,35.0,105.0,3.0,4.81,38.0,91.0,3.0,7.5,35.0,3.0,5.97,28.0,3.0,5.17,28.0,3.0,5.18,30.0,3.0,3.2,33.0,3.0,5.6
Asia,South-Eastern Asia,Vietnam,6.58,6.57,7.0,7.0,6.0,4.5,7.5,7.0,7.0,9.0,6.0,7.5,4.0,4.5,7.5,7.0,7.0,6.6,6.0,7.0,7.0,6.5,6.5,4.79,5.0,4.5,6.0,6.0,3.5,5.0,5.5,5.0,5.5,4.5,5.0,2.0,VNM,Vietnam,AP,40.0,88.0,8.0,1.580397,41.0,83.0,8.0,1.399817,42.0,77.0,8.0,1.497007,39.0,87.0,8.0,0.8228995,36.0,104.0,8.0,1.808218,37.0,96.0,8.0,2.841134,33.0,117.0,8.0,2.84,35.0,107.0,8.0,2.78,33.0,8.0,2.46,31.0,8.0,2.56,31.0,8.0,2.55,31.0,8.0,2.6,31.0,8.0,2.5
Asia,Southern Asia,Afghanistan,7.02,6.93,9.0,9.0,6.0,9.0,8.5,9.0,5.5,4.0,6.5,9.0,1.0,7.0,8.5,4.0,8.0,7.1,4.5,8.0,9.0,6.0,8.0,1.5,2.0,1.0,1.5,1.5,1.5,1.5,3.5,1.0,1.5,1.0,1.0,1.0,AFG,Afghanistan,AP,17.0,165.0,5.0,5.759683,20.0,162.0,5.0,6.244771,24.0,150.0,4.0,6.299999,16.0,174.0,5.0,2.12416,19.0,165.0,5.0,2.440014,16.0,173.0,5.0,2.554536,16.0,172.0,5.0,1.41,15.0,177.0,5.0,1.39,15.0,5.0,1.74,11.0,4.0,3.49,12.0,4.0,1.29,8.0,3.0,3.3,8.0,3.0,3.3
Asia,Southern Asia,Bangladesh,5.3,5.2,8.0,7.0,6.5,5.5,5.0,3.5,5.0,5.5,3.5,4.5,3.0,4.5,6.5,5.0,5.0,5.4,6.0,6.0,7.0,4.0,4.0,4.08,4.0,3.5,5.5,5.0,3.0,4.0,5.0,4.5,4.5,3.5,3.0,3.5,BGD,Bangladesh,AP,23.0,151.0,8.0,1.464238,24.0,149.0,8.0,1.511192,25.0,147.0,8.0,1.927162,26.0,147.0,8.0,1.742484,26.0,146.0,8.0,1.715685,26.0,146.0,8.0,2.617282,26.0,149.0,8.0,2.63,28.0,143.0,8.0,3.19,26.0,7.0,4.13,25.0,7.0,4.3,25.0,7.0,4.23,27.0,7.0,4.1,26.0,7.0,4.1
Asia,Southern Asia,Bhutan,3.5,3.9,6.0,4.5,2.0,2.5,3.5,4.0,6.5,6.0,5.0,2.5,1.5,4.5,3.5,3.0,3.5,3.1,1.0,4.5,3.0,4.0,3.0,4.67,5.5,6.0,5.5,5.0,5.0,5.0,3.5,4.5,5.5,3.5,4.0,3.0,BTN,Bhutan,AP,72.0,18.0,4.0,1.641677,68.0,26.0,4.0,2.179297,68.0,25.0,4.0,2.179297,68.0,25.0,4.0,2.239852,68.0,24.0,4.0,2.387326,68.0,25.0,4.0,2.756646,68.0,25.0,4.0,2.86,67.0,26.0,5.0,1.83,65.0,5.0,2.12,65.0,4.0,2.14,65.0,4.0,1.81,63.0,4.0,2.6,63.0,3.0,3.6
Asia,Southern Asia,India,5.9,6.8,8.5,6.5,6.5,6.0,8.0,6.0,6.0,7.0,7.0,7.0,4.0,7.5,7.0,7.5,7.5,5.0,3.0,6.5,7.0,3.5,5.0,5.46,4.5,5.0,8.5,5.5,4.5,5.5,7.0,6.5,5.0,4.0,5.0,4.5,IND,India,AP,38.0,96.0,9.0,1.32169,39.0,93.0,9.0,1.256354,40.0,85.0,9.0,1.182201,40.0,85.0,9.0,1.173647,40.0,86.0,9.0,1.141572,41.0,80.0,9.0,1.604926,41.0,78.0,9.0,2.42,40.0,81.0,9.0,2.16,40.0,8.0,2.47,38.0,8.0,3.14,38.0,9.0,2.27,36.0,10.0,2.2,36.0,10.0,2.1
Asia,Southern Asia,Maldives,4.42,3.53,6.5,6.0,1.5,2.0,1.5,2.0,2.0,5.0,2.0,6.5,4.0,4.0,2.5,3.5,4.0,5.3,6.5,6.0,5.5,4.5,4.0,3.96,4.5,5.0,5.5,5.0,3.0,4.0,3.5,3.5,3.0,2.5,3.5,4.5,MDV,Maldives,AP,38.0,96.0,3.0,2.853894,39.0,93.0,3.0,4.17214,40.0,85.0,3.0,4.832095,40.0,85.0,3.0,4.39211,43.0,75.0,3.0,7.69273,29.0,130.0,3.0,2.569968,31.0,124.0,3.0,2.24,33.0,112.0,3.0,1.71,36.0,3.0,5.66,,,,,,,,,,,,
Asia,Southern Asia,Nepal,6.63,6.07,8.0,7.5,6.0,5.5,7.5,5.0,7.0,7.0,7.5,4.5,3.5,6.0,5.0,4.0,7.0,7.2,5.5,7.5,8.0,7.5,7.5,3.88,3.5,2.5,5.5,4.5,3.0,4.5,3.5,3.5,4.0,4.0,3.5,4.5,NPL,Nepal,AP,34.0,107.0,6.0,0.9386821,35.0,108.0,6.0,0.7388446,34.0,110.0,6.0,0.9336739,33.0,117.0,6.0,0.5357912,33.0,117.0,6.0,1.350671,34.0,113.0,6.0,1.759387,31.0,124.0,6.0,1.85,31.0,122.0,6.0,2.0,29.0,6.0,2.33,27.0,5.0,2.73,29.0,5.0,2.2,31.0,5.0,1.4,27.0,5.0,2.4
Asia,Southern Asia,Pakistan,6.32,6.53,8.5,8.0,7.0,8.5,5.0,6.0,5.0,6.0,5.5,8.5,3.0,7.0,8.0,5.0,7.0,6.1,6.5,7.0,7.5,4.5,5.0,3.96,3.0,3.5,5.5,5.0,3.0,4.5,4.0,4.0,3.5,3.5,4.0,4.0,PAK,Pakistan,AP,27.0,135.0,8.0,1.985782,29.0,133.0,8.0,2.091568,27.0,140.0,7.0,1.916701,28.0,140.0,8.0,1.86989,31.0,124.0,8.0,1.798669,32.0,120.0,8.0,2.461317,33.0,117.0,8.0,2.06,32.0,117.0,8.0,2.11,32.0,7.0,2.12,30.0,7.0,3.12,29.0,7.0,3.24,28.0,8.0,3.0,27.0,8.0,2.3
Asia,Southern Asia,Sri Lanka,4.97,4.83,7.0,6.5,7.0,5.5,2.5,4.0,3.5,5.5,3.0,6.0,2.5,5.5,6.0,3.5,4.5,5.1,5.5,6.0,7.0,3.5,3.5,3.71,3.0,3.5,5.5,5.5,3.0,3.5,4.0,5.0,3.5,3.0,2.0,3.0,LKA,Sri Lanka,AP,32.0,121.0,8.0,1.628859,34.0,115.0,8.0,0.6168234,36.0,101.0,7.0,0.8000863,37.0,102.0,7.0,0.9939778,38.0,94.0,8.0,1.169462,38.0,93.0,7.0,2.113032,38.0,89.0,7.0,1.85,38.0,91.0,7.0,1.82,36.0,7.0,1.64,37.0,7.0,2.09,38.0,7.0,2.18,37.0,7.0,2.1,40.0,7.0,1.3
Asia,Western Asia,Bahrain,4.82,5.13,8.0,4.5,1.0,4.0,5.5,4.0,2.5,6.0,6.5,4.5,4.0,5.5,7.0,7.0,7.0,4.5,1.0,6.0,4.5,5.0,6.0,5.33,5.5,4.5,7.0,5.5,4.0,4.5,6.5,5.5,6.0,6.0,5.5,3.5,BHR,Bahrain,MENA,53.0,53.0,7.0,6.443612,42.0,76.0,6.0,5.329254,44.0,69.0,6.0,6.186327,42.0,78.0,6.0,5.19534,42.0,78.0,6.0,5.914723,42.0,77.0,6.0,7.645793,36.0,99.0,4.0,1.81,36.0,103.0,4.0,1.81,43.0,5.0,5.96,51.0,5.0,7.86,49.0,5.0,6.11,48.0,5.0,5.4,51.0,5.0,4.1
Asia,Western Asia,Iran,6.88,7.37,8.0,8.5,4.5,9.0,8.0,8.5,4.5,4.0,9.5,8.5,4.5,6.0,9.5,8.5,9.0,6.4,4.5,7.5,9.5,5.5,5.0,3.08,2.5,2.0,4.0,4.0,3.0,3.0,4.5,2.5,2.5,3.5,3.0,2.5,IRN,Iran,MENA,23.0,151.0,7.0,2.219655,24.0,149.0,6.0,2.626714,25.0,147.0,7.0,2.322661,25.0,150.0,7.0,2.293519,25.0,149.0,7.0,2.55992,26.0,146.0,7.0,3.626302,28.0,138.0,7.0,2.89,30.0,130.0,7.0,3.51,29.0,7.0,2.47,27.0,6.0,3.28,27.0,6.0,4.72,25.0,6.0,3.9,28.0,6.0,4.6
Asia,Western Asia,Iraq,7.17,6.43,7.5,8.5,7.5,9.0,7.0,7.0,1.5,4.5,9.0,6.0,4.0,5.5,7.5,3.0,9.0,7.9,6.5,8.0,8.5,9.0,7.5,3.33,3.5,3.0,4.5,3.5,3.5,3.5,2.5,4.0,3.5,2.5,3.0,3.0,IRQ,Iraq,MENA,26.0,140.0,6.0,4.441586,23.0,154.0,5.0,4.13955,23.0,157.0,5.0,3.984978,23.0,157.0,5.0,4.018973,21.0,160.0,5.0,2.522758,20.0,162.0,5.0,2.980012,18.0,168.0,5.0,2.63,18.0,169.0,5.0,2.47,17.0,5.0,1.87,16.0,4.0,2.5,16.0,4.0,2.37,16.0,4.0,2.4,18.0,4.0,2.3
Asia,Western Asia,Israel,5.07,5.23,6.5,2.0,5.0,7.0,5.5,5.5,1.5,2.5,6.0,3.0,5.5,6.5,6.0,9.0,7.0,4.9,6.0,4.0,5.5,4.0,5.0,5.54,5.0,4.0,5.5,6.5,4.0,5.5,3.5,7.0,7.5,6.0,6.5,5.5,ISR,Israel,MENA,64.0,30.0,7.0,2.904376,62.0,33.0,6.0,2.445155,63.0,31.0,7.0,2.052844,59.0,36.0,7.0,2.054172,60.0,35.0,7.0,1.338424,60.0,35.0,7.0,1.989104,61.0,34.0,7.0,1.49,62.0,32.0,7.0,2.19,64.0,6.0,2.27,61.0,6.0,2.78,60.0,6.0,2.34,61.0,6.0,1.6,60.0,5.0,2.9
Asia,Western Asia,Jordan,5.08,4.97,6.0,5.5,4.0,7.0,5.5,5.5,3.5,3.5,2.0,3.5,3.0,6.0,7.5,5.5,6.5,5.2,1.5,7.0,6.0,5.5,6.0,5.63,5.5,4.5,8.0,6.5,4.5,6.5,5.5,7.0,4.0,5.0,6.5,4.0,JOR,Jordan,MENA,49.0,59.0,8.0,3.482653,46.0,63.0,7.0,2.868004,47.0,61.0,8.0,2.38117,49.0,58.0,8.0,2.64918,49.0,60.0,8.0,2.201044,48.0,60.0,8.0,3.292418,49.0,58.0,8.0,3.21,48.0,59.0,8.0,2.99,48.0,8.0,3.03,53.0,7.0,3.0,49.0,7.0,2.87,45.0,7.0,2.4,48.0,7.0,3.1
Asia,Western Asia,Kuwait,5.1,5.6,8.0,6.5,1.5,5.0,5.5,3.5,5.5,6.0,5.5,4.5,5.0,6.5,7.0,7.0,7.0,4.6,1.0,6.0,6.0,3.5,6.5,5.42,4.5,4.0,6.0,5.5,5.5,6.0,5.5,5.5,6.5,5.5,5.5,5.0,KWT,Kuwait,MENA,46.0,65.0,8.0,1.648804,46.0,63.0,8.0,1.65889,42.0,77.0,6.0,1.73636,43.0,73.0,6.0,2.000104,42.0,78.0,6.0,1.88292,40.0,85.0,6.0,1.879429,41.0,78.0,6.0,3.47,39.0,85.0,6.0,2.47,41.0,5.0,2.67,49.0,5.0,4.51,44.0,5.0,5.24,43.0,5.0,3.9,44.0,5.0,3.9
Asia,Western Asia,Lebanon,7.3,6.6,8.0,8.5,6.0,9.0,6.5,7.0,2.0,3.5,7.0,4.0,6.0,9.0,9.0,4.5,9.0,8.0,6.5,7.5,9.5,8.5,8.0,3.08,2.0,2.5,5.5,3.5,3.0,2.5,2.0,2.5,1.5,3.5,3.5,5.0,LBN,Lebanon,MENA,22.0,154.0,6.0,1.080101,24.0,149.0,6.0,1.12472,24.0,150.0,7.0,0.8218693,24.0,154.0,7.0,0.7673878,25.0,149.0,7.0,1.153654,28.0,137.0,7.0,2.271487,28.0,138.0,7.0,2.28,28.0,143.0,7.0,2.11,28.0,7.0,2.5,28.0,6.0,3.22,27.0,6.0,3.37,28.0,6.0,3.3,30.0,6.0,2.3
Asia,Western Asia,Oman,4.45,4.9,7.0,5.0,1.5,5.5,4.5,4.0,5.0,5.0,5.5,5.0,3.0,4.5,6.5,5.0,6.5,4.0,1.0,5.0,4.5,4.0,5.5,5.33,4.5,4.5,6.5,6.5,4.5,7.0,5.5,6.0,5.0,4.5,5.0,4.5,OMN,Oman,MENA,55.0,50.0,6.0,6.488842,43.0,70.0,5.0,5.321681,44.0,69.0,5.0,4.951219,52.0,56.0,6.0,7.123367,54.0,49.0,6.0,7.472544,52.0,56.0,6.0,9.778998,52.0,53.0,6.0,9.46,44.0,68.0,5.0,7.0,45.0,5.0,7.07,45.0,5.0,6.69,45.0,5.0,6.55,47.0,5.0,7.8,47.0,5.0,7.6
Asia,Western Asia,Qatar,5.37,5.63,8.0,6.0,2.0,6.5,6.0,4.0,4.0,6.5,5.0,4.5,4.5,6.5,7.0,6.5,7.5,5.1,1.0,6.0,6.5,6.0,6.0,5.46,5.0,5.5,6.5,5.0,4.5,5.0,7.0,5.5,6.0,5.5,6.0,4.0,QAT,Qatar,MENA,59.0,38.0,7.0,4.32812,58.0,40.0,6.0,4.896084,58.0,40.0,6.0,5.082982,63.0,31.0,7.0,5.010074,63.0,30.0,7.0,5.34654,62.0,30.0,7.0,7.997069,62.0,33.0,7.0,8.08,63.0,29.0,7.0,7.5,61.0,7.0,7.02,71.0,6.0,6.63,69.0,6.0,7.21,68.0,6.0,7.2,68.0,6.0,6.4
Asia,Western Asia,Saudi Arabia,6.33,6.67,8.5,8.0,2.0,8.0,6.0,4.0,5.0,7.5,7.5,6.5,5.5,6.5,9.0,7.5,8.5,6.0,3.0,6.5,9.0,3.5,8.0,3.79,3.0,2.5,5.0,4.0,2.5,3.5,5.0,5.0,5.0,3.5,4.5,2.0,SAU,Saudi Arabia,MENA,59.0,38.0,7.0,4.178684,52.0,53.0,6.0,5.282126,51.0,54.0,6.0,4.643765,53.0,52.0,7.0,4.238444,53.0,52.0,7.0,5.361357,53.0,51.0,7.0,7.561369,49.0,58.0,7.0,6.34,49.0,57.0,7.0,6.14,46.0,5.0,7.54,52.0,5.0,7.03,49.0,5.0,6.69,46.0,5.0,6.7,44.0,5.0,6.4
Asia,Western Asia,Syria,6.98,6.37,8.5,9.0,8.0,9.0,7.0,6.0,1.5,3.5,8.5,3.0,2.5,7.5,9.5,4.0,8.0,7.6,4.5,8.5,10.0,8.0,7.0,2.0,2.0,1.0,4.0,2.0,1.5,2.0,1.5,2.0,2.5,2.0,2.0,1.5,SYR,Syria,MENA,12.0,177.0,5.0,1.827736,13.0,177.0,5.0,1.578473,13.0,178.0,5.0,1.56891,13.0,178.0,5.0,1.578473,14.0,178.0,5.0,1.576392,13.0,178.0,5.0,1.921515,13.0,178.0,5.0,1.92,14.0,178.0,5.0,1.93,13.0,5.0,1.97,18.0,4.0,5.66,20.0,4.0,5.31,17.0,4.0,3.8,26.0,5.0,2.7
Asia,Western Asia,Turkey,7.2,6.9,8.0,8.5,6.0,8.5,7.5,7.5,3.5,3.5,8.5,8.0,6.0,6.5,7.5,5.5,8.5,7.5,8.0,8.0,9.0,6.5,6.0,3.96,4.0,3.0,5.0,5.0,3.0,3.5,5.5,3.0,4.5,4.5,3.5,3.0,TUR,Turkey,ECA,34.0,107.0,8.0,1.741601,34.0,115.0,9.0,1.574261,36.0,101.0,9.0,1.505927,38.0,96.0,9.0,2.096217,40.0,86.0,9.0,2.055156,39.0,91.0,9.0,3.337019,41.0,78.0,9.0,3.03,40.0,81.0,8.0,1.8,41.0,9.0,1.8,42.0,8.0,2.02,45.0,8.0,2.69,50.0,9.0,2.4,49.0,9.0,2.1
Asia,Western Asia,United Arab Emirates,6.35,7.0,8.5,6.5,5.0,7.0,7.0,6.0,5.5,7.5,8.0,7.0,6.0,6.0,8.0,8.0,9.0,5.7,1.0,6.5,6.5,7.0,7.5,5.13,5.0,4.5,5.0,5.5,5.5,6.0,5.5,3.5,5.5,6.0,6.5,3.0,ARE,United Arab Emirates,MENA,68.0,23.0,8.0,2.164163,68.0,26.0,7.0,2.567688,67.0,27.0,7.0,3.102045,69.0,24.0,8.0,2.904347,71.0,21.0,8.0,3.226185,71.0,21.0,8.0,5.126294,70.0,23.0,8.0,4.56,71.0,21.0,7.0,6.26,66.0,7.0,5.7,70.0,7.0,5.07,70.0,7.0,5.14,69.0,7.0,4.7,68.0,7.0,4.3
Asia,Western Asia,Yemen,6.63,5.77,9.0,9.0,8.0,9.5,7.0,6.0,2.5,4.0,7.5,2.5,2.0,4.5,4.5,2.5,8.0,7.5,7.5,7.5,8.0,8.5,6.0,1.92,2.0,2.0,3.0,2.0,1.5,2.0,1.5,2.0,2.0,1.5,1.5,2.0,YEM,Yemen,MENA,13.0,173.0,7.0,1.71796,16.0,176.0,7.0,1.753443,16.0,176.0,7.0,1.975074,16.0,174.0,7.0,2.292554,15.0,176.0,7.0,1.333599,15.0,177.0,7.0,1.885994,14.0,176.0,7.0,1.45,16.0,175.0,7.0,1.85,14.0,7.0,3.05,18.0,6.0,2.66,19.0,6.0,2.37,18.0,6.0,2.6,23.0,6.0,2.2
Europe,Central & Eastern Europe,Albania,5.2,4.9,5.5,6.0,4.0,4.5,3.5,3.0,4.0,3.5,5.0,5.5,7.0,6.5,4.0,5.5,6.0,5.5,6.5,7.0,6.5,3.0,4.5,5.17,5.0,4.5,7.0,6.0,5.5,5.5,5.5,4.5,4.0,4.5,5.0,5.0,ALB,Albania,ECA,42.0,80.0,8.0,3.030323,37.0,98.0,7.0,1.560074,36.0,101.0,8.0,1.316355,35.0,110.0,8.0,1.326029,36.0,104.0,8.0,0.915488,35.0,106.0,8.0,2.507669,36.0,99.0,8.0,1.65,38.0,91.0,8.0,1.81,39.0,7.0,1.99,36.0,7.0,3.58,33.0,7.0,1.51,31.0,7.0,2.1,33.0,7.0,2.0
Europe,Central & Eastern Europe,Belarus,5.83,5.37,7.0,7.5,4.0,7.5,6.5,6.5,3.5,2.0,4.5,4.0,3.0,4.0,5.5,7.0,8.0,6.3,3.5,5.0,9.0,6.5,7.5,3.08,3.0,2.0,3.0,3.5,2.0,3.0,4.0,4.0,3.5,3.0,4.0,2.0,BLR,Belarus,ECA,33.0,114.0,7.0,3.178518,37.0,98.0,7.0,3.337556,39.0,91.0,7.0,3.135647,41.0,82.0,8.0,2.345835,47.0,63.0,7.0,3.376054,45.0,66.0,7.0,4.20046,44.0,70.0,7.0,3.92,44.0,68.0,7.0,4.12,40.0,7.0,3.93,32.0,6.0,4.37,31.0,5.0,4.04,29.0,5.0,4.0,31.0,5.0,3.6
Europe,Central & Eastern Europe,Bosnia and Herzegovina,5.92,5.43,5.5,6.5,5.0,6.0,5.0,6.0,5.0,3.5,4.0,6.0,6.0,6.0,6.5,4.0,6.5,6.4,4.5,6.0,8.0,7.0,6.5,3.88,4.0,3.5,6.0,4.0,2.5,3.5,4.0,3.5,3.5,4.0,4.5,3.5,BIH,Bosnia and Herzegovina,ECA,33.0,114.0,7.0,2.043418,35.0,108.0,6.0,1.953783,34.0,110.0,7.0,2.184636,35.0,110.0,7.0,1.801027,35.0,111.0,7.0,1.867208,36.0,101.0,7.0,1.952692,38.0,89.0,7.0,1.86,38.0,91.0,7.0,2.56,39.0,7.0,1.7,38.0,6.0,1.71,39.0,6.0,1.15,42.0,7.0,2.9,42.0,7.0,2.3
Europe,Central & Eastern Europe,Bulgaria,5.58,5.47,5.0,5.5,5.5,4.5,5.5,5.5,6.0,4.0,5.0,5.5,5.0,5.5,6.5,6.0,7.0,5.7,4.5,6.0,7.5,5.0,5.5,5.33,4.5,5.5,6.5,6.0,5.5,5.0,6.5,5.0,5.0,5.0,5.0,4.5,BGR,Bulgaria,WE/EU,43.0,76.0,9.0,1.924618,45.0,67.0,10.0,1.161256,43.0,72.0,10.0,1.062506,42.0,78.0,10.0,1.176856,44.0,69.0,10.0,1.290551,43.0,74.0,10.0,2.768014,42.0,77.0,10.0,2.41,43.0,71.0,10.0,2.66,41.0,9.0,2.2,41.0,9.0,2.43,43.0,9.0,2.82,41.0,9.0,3.3,41.0,8.0,3.8
Europe,Central & Eastern Europe,Croatia,5.02,4.83,5.0,6.0,3.5,4.5,4.0,4.0,4.5,3.5,4.0,4.5,6.5,6.0,5.5,5.0,6.0,5.2,4.0,6.0,6.0,5.0,5.0,5.92,5.5,5.5,7.0,7.0,5.5,6.0,6.5,6.5,5.0,6.0,6.0,4.5,HRV,Croatia,WE/EU,47.0,63.0,9.0,1.874004,50.0,57.0,9.0,1.245027,50.0,57.0,9.0,0.9331777,47.0,63.0,10.0,1.561556,47.0,63.0,10.0,1.476637,47.0,63.0,10.0,2.417929,48.0,60.0,10.0,2.77,49.0,57.0,10.0,2.64,49.0,9.0,2.39,51.0,9.0,2.02,48.0,9.0,3.25,48.0,9.0,3.3,46.0,8.0,3.1
Europe,Central & Eastern Europe,Czech Republic,4.55,4.8,5.5,5.5,2.5,5.0,4.5,4.5,3.0,5.0,3.0,4.0,5.5,5.5,7.0,5.5,6.0,4.3,2.5,4.5,4.5,5.0,5.0,6.5,6.5,6.5,7.0,7.0,6.5,7.0,7.0,6.5,6.0,5.5,6.0,6.5,CZE,Czechia,WE/EU,56.0,46.0,10.0,1.39215,57.0,41.0,10.0,1.260941,56.0,41.0,10.0,1.084798,54.0,49.0,10.0,1.283622,54.0,49.0,10.0,1.098983,56.0,44.0,10.0,1.868036,59.0,38.0,10.0,2.28,57.0,42.0,10.0,1.98,55.0,9.0,2.24,56.0,9.0,2.21,51.0,9.0,2.94,48.0,10.0,3.0,49.0,10.0,2.9
Europe,Central & Eastern Europe,Hungary,4.62,4.53,6.0,6.5,1.5,4.0,4.5,4.0,3.5,3.5,2.5,4.0,5.0,5.0,6.0,5.5,6.5,4.7,1.0,4.0,7.5,5.5,5.5,4.79,4.0,3.5,4.0,5.5,5.0,5.0,6.5,5.5,4.5,4.0,6.0,4.0,HUN,Hungary,WE/EU,41.0,82.0,10.0,0.8885811,42.0,76.0,10.0,1.301299,42.0,77.0,10.0,1.46274,43.0,73.0,10.0,1.30121,44.0,69.0,10.0,1.271558,44.0,70.0,10.0,2.577171,46.0,64.0,10.0,2.79,45.0,66.0,10.0,2.89,48.0,9.0,2.89,51.0,9.0,3.73,54.0,9.0,3.45,54.0,10.0,3.6,55.0,10.0,3.5
Europe,Central & Eastern Europe,Moldova,5.53,4.97,7.5,4.5,4.5,7.0,6.0,7.5,2.5,1.5,3.0,3.5,2.0,4.5,5.0,7.5,8.0,6.1,5.0,5.0,8.0,5.5,7.0,4.08,4.0,4.0,5.5,5.5,3.5,4.0,3.0,4.0,4.0,4.0,3.5,4.0,MDA,Moldova,ECA,43.0,76.0,7.0,2.247457,42.0,76.0,7.0,2.102524,39.0,91.0,8.0,1.646075,36.0,105.0,7.0,1.34492,34.0,115.0,9.0,1.237908,32.0,120.0,9.0,2.395228,33.0,117.0,9.0,2.13,31.0,122.0,9.0,1.54,30.0,9.0,2.18,33.0,8.0,2.88,35.0,8.0,2.7,35.0,8.0,2.8,36.0,8.0,2.6
Europe,Central & Eastern Europe,Montenegro,5.82,5.13,5.0,5.5,5.0,6.0,3.0,7.5,3.0,5.0,3.5,5.0,7.0,6.0,4.5,5.0,6.0,6.5,7.5,7.0,7.0,6.0,5.0,4.83,5.0,4.5,6.5,5.0,4.5,4.5,5.0,5.0,4.0,4.0,5.0,5.0,MNE,Montenegro,ECA,46.0,65.0,5.0,3.033371,46.0,63.0,5.0,2.545276,45.0,65.0,5.0,1.932798,46.0,64.0,5.0,2.130811,45.0,67.0,5.0,3.248579,45.0,66.0,5.0,4.836292,45.0,67.0,5.0,4.43,46.0,64.0,5.0,2.45,45.0,4.0,2.89,44.0,4.0,4.87,42.0,4.0,4.25,44.0,4.0,2.2,41.0,4.0,4.5
Europe,Central & Eastern Europe,North Macedonia,5.0,4.8,5.5,6.0,4.5,5.0,4.0,3.5,4.0,3.0,3.5,5.0,5.0,6.0,5.5,5.5,6.0,5.2,3.5,6.0,6.5,5.0,5.0,5.29,5.0,5.0,6.5,5.0,4.5,5.5,6.5,6.0,4.0,4.5,5.5,5.5,MKD,North Macedonia,ECA,40.0,88.0,7.0,2.734376,42.0,76.0,6.0,2.876609,40.0,85.0,7.0,1.954688,39.0,87.0,7.0,1.661591,35.0,111.0,7.0,2.44184,35.0,106.0,7.0,3.56274,37.0,93.0,7.0,3.38,35.0,107.0,6.0,4.49,37.0,7.0,4.97,42.0,6.0,5.27,45.0,6.0,5.92,44.0,6.0,5.0,43.0,6.0,4.7
Europe,Central & Eastern Europe,Poland,4.67,5.13,5.5,6.0,3.0,4.5,5.0,6.0,2.5,4.5,5.5,4.0,5.5,5.5,7.5,6.0,6.0,4.2,2.0,6.0,4.5,4.0,4.5,6.08,5.5,5.0,7.5,7.0,5.0,6.5,7.5,6.5,6.5,5.5,6.0,4.5,POL,Poland,WE/EU,53.0,53.0,10.0,1.844787,54.0,47.0,10.0,1.362194,55.0,45.0,10.0,1.367945,56.0,42.0,10.0,1.221049,56.0,45.0,10.0,1.385708,58.0,41.0,10.0,1.84505,60.0,36.0,10.0,1.69,60.0,36.0,10.0,1.36,62.0,10.0,1.77,63.0,9.0,2.59,61.0,9.0,2.7,60.0,10.0,2.3,58.0,10.0,2.0
Europe,Central & Eastern Europe,Romania,4.83,5.37,6.0,5.5,4.5,5.0,5.5,6.0,6.0,4.5,4.0,5.0,5.5,5.0,5.5,6.0,6.5,4.3,3.5,5.5,4.5,4.0,4.0,5.88,5.5,6.5,7.0,6.0,6.5,6.0,6.0,5.0,5.5,6.0,6.0,4.5,ROU,Romania,WE/EU,46.0,65.0,8.0,2.00136,46.0,63.0,10.0,0.9114636,46.0,63.0,10.0,1.00798,45.0,66.0,10.0,0.9970319,44.0,69.0,10.0,0.8922062,44.0,70.0,10.0,2.764848,47.0,61.0,10.0,3.25,48.0,59.0,10.0,3.12,48.0,10.0,3.0,46.0,9.0,3.11,43.0,9.0,3.6,43.0,9.0,3.0,44.0,8.0,3.7
Europe,Central & Eastern Europe,Russia,6.92,6.93,8.0,6.5,6.0,8.5,5.5,6.5,7.5,7.0,7.5,6.0,4.0,5.0,8.5,9.0,8.5,6.9,5.5,7.0,9.0,5.0,8.0,3.42,3.5,2.5,3.0,5.5,3.0,4.0,5.0,3.5,3.5,2.5,3.0,2.0,RUS,Russia,ECA,22.0,154.0,7.0,1.545293,26.0,141.0,7.0,1.468127,28.0,137.0,8.0,1.729621,29.0,136.0,9.0,1.461623,30.0,129.0,9.0,1.334187,28.0,137.0,9.0,2.476439,28.0,138.0,9.0,2.51,29.0,135.0,9.0,2.5,29.0,9.0,2.73,29.0,8.0,2.52,27.0,8.0,2.61,28.0,9.0,2.3,28.0,9.0,2.2
Europe,Central & Eastern Europe,Serbia,6.18,5.67,6.0,6.0,5.5,6.5,4.5,5.0,5.0,5.0,5.0,6.0,6.5,6.0,6.0,5.0,7.0,6.7,6.0,7.0,8.0,6.5,6.0,4.92,4.5,4.0,6.5,4.5,5.0,5.0,6.0,5.5,5.0,4.0,5.5,3.5,SRB,Serbia,ECA,35.0,105.0,8.0,1.374835,36.0,104.0,8.0,1.259137,36.0,101.0,8.0,1.33137,38.0,96.0,8.0,1.424244,38.0,94.0,8.0,1.659292,39.0,91.0,8.0,2.484553,39.0,87.0,8.0,2.89,41.0,77.0,8.0,2.8,42.0,7.0,3.69,40.0,7.0,3.9,41.0,7.0,2.92,42.0,7.0,3.4,39.0,7.0,2.6
Europe,Central & Eastern Europe,Slovakia,4.75,4.7,5.5,5.0,2.0,5.0,4.5,5.5,3.0,4.0,2.0,5.0,5.5,5.0,6.0,6.0,6.5,4.8,3.0,5.5,7.0,5.5,3.0,4.88,4.5,4.0,6.0,6.0,4.5,4.5,5.5,5.0,5.0,4.0,5.0,4.5,SVK,Slovakia,WE/EU,49.0,59.0,10.0,2.292958,54.0,47.0,9.0,1.665892,53.0,49.0,10.0,1.718302,52.0,56.0,10.0,2.013479,49.0,60.0,9.0,2.691657,50.0,59.0,9.0,4.570875,50.0,57.0,9.0,4.11,50.0,54.0,9.0,3.32,51.0,8.0,3.09,51.0,8.0,3.63,50.0,8.0,4.07,47.0,8.0,4.7,46.0,8.0,4.3
Europe,Central & Eastern Europe,Slovenia,4.28,3.97,4.5,5.5,3.0,4.0,3.0,2.0,2.0,3.0,1.5,4.0,5.5,5.0,5.0,5.0,6.5,4.6,2.0,5.0,6.5,5.5,4.0,6.21,6.5,5.5,7.0,7.0,6.0,6.0,7.5,5.5,5.5,6.0,6.0,6.0,SVN,Slovenia,WE/EU,60.0,36.0,10.0,1.775039,56.0,42.0,10.0,1.040544,56.0,41.0,10.0,0.9637534,57.0,41.0,10.0,1.036832,60.0,35.0,10.0,1.125235,60.0,35.0,10.0,2.283508,60.0,36.0,10.0,2.37,61.0,34.0,10.0,2.78,61.0,10.0,2.44,60.0,9.0,2.93,58.0,9.0,3.03,57.0,9.0,3.6,61.0,8.0,3.9
Europe,Central & Eastern Europe,Ukraine,6.45,6.4,7.5,8.0,5.5,9.0,6.0,6.0,7.0,4.5,7.5,2.5,2.0,6.5,8.5,8.5,7.0,6.5,5.0,7.5,8.0,7.0,5.0,4.54,5.0,4.0,7.5,4.5,4.5,5.0,1.5,4.5,4.5,4.0,4.0,5.5,UKR,Ukraine,ECA,35.0,105.0,8.0,2.092216,36.0,104.0,8.0,1.933333,33.0,116.0,8.0,1.440567,32.0,122.0,9.0,1.294409,33.0,117.0,9.0,1.31305,30.0,126.0,9.0,2.380559,32.0,120.0,9.0,2.27,30.0,130.0,9.0,2.27,29.0,9.0,1.97,27.0,8.0,1.93,26.0,8.0,1.64,25.0,8.0,1.7,26.0,8.0,1.8
Europe,Northern Europe,Denmark,4.1,4.3,4.0,5.0,4.0,5.0,4.0,3.5,2.0,2.0,2.0,4.0,6.0,5.5,5.5,6.5,5.5,3.9,5.0,5.0,1.5,5.5,2.5,8.21,9.0,9.0,8.0,9.0,7.0,8.0,8.0,7.0,8.5,7.5,8.5,9.0,DNK,Denmark,WE/EU,90.0,1.0,8.0,1.982749,90.0,1.0,8.0,1.819265,90.0,1.0,8.0,1.709309,88.0,1.0,8.0,1.850507,88.0,1.0,8.0,1.775809,87.0,1.0,8.0,2.542474,88.0,1.0,8.0,2.63,88.0,2.0,8.0,2.75,90.0,7.0,2.46,91.0,7.0,2.16,92.0,7.0,2.04,91.0,7.0,2.2,90.0,7.0,2.0
Europe,Northern Europe,Estonia,3.87,3.93,4.0,3.5,2.0,2.0,3.0,4.5,2.5,1.5,2.5,2.5,4.5,5.5,7.0,7.0,7.0,3.8,3.0,3.5,2.0,5.5,5.0,8.04,8.5,8.0,8.5,8.0,8.0,7.5,8.5,8.0,7.5,7.5,8.5,8.0,EST,Estonia,WE/EU,76.0,13.0,10.0,1.087449,76.0,12.0,10.0,1.056476,74.0,14.0,10.0,1.012676,74.0,13.0,10.0,0.9226964,75.0,17.0,10.0,0.872954,74.0,18.0,10.0,1.209875,73.0,18.0,10.0,1.44,71.0,21.0,10.0,2.21,70.0,10.0,2.16,70.0,9.0,2.79,69.0,9.0,2.89,68.0,9.0,2.7,64.0,8.0,3.0
Europe,Northern Europe,Finland,3.25,3.4,3.5,3.0,3.0,3.0,3.5,3.0,1.5,2.0,1.5,3.0,4.5,4.0,5.5,5.5,4.5,3.1,3.0,3.5,1.5,4.0,3.5,8.42,8.5,9.0,9.0,8.5,7.5,8.5,9.0,8.0,8.5,8.0,8.0,8.5,FIN,Finland,WE/EU,88.0,2.0,8.0,1.829536,87.0,2.0,8.0,1.057962,87.0,2.0,8.0,1.193896,88.0,1.0,8.0,1.24828,85.0,3.0,8.0,1.748594,86.0,3.0,8.0,2.924511,85.0,3.0,8.0,2.74,85.0,3.0,8.0,2.84,89.0,7.0,1.46,90.0,7.0,1.77,89.0,7.0,2.05,89.0,7.0,1.7,90.0,7.0,3.0
Europe,Northern Europe,Iceland,3.03,2.97,5.0,3.5,1.0,2.0,3.0,1.0,1.0,1.5,1.0,1.5,4.5,4.5,4.5,5.5,5.0,3.1,3.5,4.5,1.0,4.5,2.0,8.17,8.0,7.5,8.5,8.5,8.0,9.0,8.5,8.0,8.5,7.5,8.0,8.0,ISL,Iceland,WE/EU,77.0,10.0,6.0,2.603046,72.0,19.0,7.0,3.538609,74.0,14.0,7.0,3.831931,74.0,13.0,7.0,3.704399,75.0,17.0,7.0,3.864742,78.0,11.0,7.0,4.627051,76.0,14.0,7.0,4.33,77.0,13.0,7.0,4.38,78.0,6.0,3.81,79.0,5.0,4.53,79.0,6.0,3.16,78.0,6.0,2.8,82.0,6.0,4.1
Europe,Northern Europe,Latvia,4.08,4.47,5.0,4.5,3.0,3.5,5.5,5.5,2.0,2.0,2.0,4.5,5.5,5.5,6.0,6.0,6.5,3.7,4.0,4.0,2.5,5.0,3.0,7.63,7.5,7.0,8.5,8.5,8.0,7.5,8.5,6.0,8.0,7.5,7.5,7.0,LVA,Latvia,WE/EU,59.0,38.0,10.0,2.090773,60.0,36.0,9.0,1.757172,59.0,39.0,10.0,1.361589,59.0,36.0,10.0,1.324134,57.0,42.0,9.0,1.915961,56.0,44.0,9.0,3.526914,58.0,41.0,9.0,2.95,58.0,40.0,9.0,3.21,57.0,9.0,2.96,56.0,8.0,2.76,55.0,8.0,3.35,53.0,8.0,3.6,49.0,6.0,4.0
Europe,Northern Europe,Lithuania,4.08,4.07,4.5,3.5,2.0,3.5,3.5,5.5,2.0,3.0,3.0,4.5,5.0,4.5,5.0,5.5,6.0,4.1,3.5,4.5,4.0,4.5,4.0,7.38,7.0,7.0,8.5,7.5,7.5,7.5,8.5,6.5,7.5,7.0,6.5,7.5,LTU,Lithuania,WE/EU,63.0,32.0,9.0,1.657839,61.0,34.0,10.0,1.249941,62.0,33.0,10.0,1.14065,61.0,34.0,10.0,1.181192,60.0,35.0,9.0,1.340773,60.0,35.0,9.0,2.319473,59.0,38.0,9.0,2.3,59.0,38.0,9.0,2.21,59.0,9.0,1.36,59.0,8.0,1.92,58.0,8.0,3.85,57.0,8.0,3.8,54.0,7.0,5.3
Europe,Northern Europe,Norway,3.83,4.17,5.0,3.5,3.0,4.5,2.5,4.5,2.5,4.5,2.5,4.0,5.5,4.5,5.0,5.5,5.5,3.5,4.0,5.0,1.5,5.0,2.0,7.92,8.5,8.0,9.0,8.5,8.0,7.5,8.0,7.5,7.5,7.0,7.5,8.0,NOR,Norway,WE/EU,81.0,5.0,8.0,1.651022,84.0,4.0,7.0,1.380803,84.0,4.0,7.0,1.168785,85.0,4.0,7.0,1.072085,84.0,7.0,7.0,1.257705,84.0,7.0,7.0,1.646693,84.0,7.0,8.0,2.14,85.0,3.0,8.0,1.83,85.0,7.0,1.85,88.0,7.0,2.24,86.0,7.0,2.38,86.0,7.0,2.3,85.0,7.0,1.6
Europe,Northern Europe,Sweden,4.73,4.67,5.0,6.0,5.0,6.5,3.5,3.5,2.0,4.0,1.5,3.0,6.0,5.0,6.0,6.5,6.5,4.8,5.5,6.5,2.0,6.5,3.5,7.38,6.5,8.5,8.5,8.0,7.0,6.0,8.0,8.0,7.0,6.0,7.0,8.0,SWE,Sweden,WE/EU,80.0,8.0,8.0,2.479469,82.0,6.0,8.0,2.28425,83.0,5.0,8.0,2.204067,85.0,4.0,8.0,1.239412,85.0,3.0,8.0,1.303953,85.0,4.0,8.0,1.977693,85.0,3.0,8.0,2.02,84.0,6.0,8.0,2.27,88.0,7.0,1.33,89.0,7.0,1.71,87.0,7.0,3.41,89.0,7.0,2.3,88.0,7.0,1.9
Europe,Southern Europe,Cyprus,4.5,4.1,5.5,7.0,3.0,2.5,5.5,5.0,2.5,3.5,2.0,2.5,5.0,4.5,3.0,4.5,5.5,4.9,3.5,5.0,4.0,7.0,5.0,4.5,4.5,4.5,7.0,6.0,4.5,5.5,2.5,3.5,4.0,4.5,4.0,3.5,CYP,Cyprus,WE/EU,56.0,46.0,7.0,2.480894,53.0,49.0,8.0,2.206436,52.0,51.0,8.0,2.457489,53.0,52.0,8.0,2.594445,57.0,42.0,7.0,3.191929,58.0,41.0,7.0,3.413456,59.0,38.0,7.0,3.54,57.0,42.0,7.0,3.78,55.0,5.0,5.94,61.0,5.0,4.17,63.0,5.0,3.92,63.0,5.0,3.9,66.0,4.0,2.4
Europe,Southern Europe,Greece,5.55,4.9,5.5,8.0,5.5,3.5,5.5,5.5,2.0,3.0,3.5,5.5,5.5,5.5,4.0,4.5,6.5,6.2,4.0,6.5,7.5,6.5,6.5,5.13,5.0,4.5,7.0,6.0,4.5,5.0,5.5,5.5,5.5,4.0,5.0,4.0,GRC,Greece,WE/EU,49.0,59.0,8.0,1.94294,49.0,59.0,8.0,2.209554,52.0,51.0,8.0,2.143546,49.0,58.0,8.0,1.626499,50.0,59.0,8.0,1.810346,48.0,60.0,8.0,2.56823,45.0,67.0,8.0,2.51,48.0,59.0,8.0,2.98,44.0,7.0,2.5,46.0,7.0,5.08,43.0,7.0,5.56,40.0,7.0,4.5,36.0,7.0,3.6
Europe,Southern Europe,Italy,6.37,5.83,7.0,7.5,7.5,6.0,6.0,4.5,3.0,3.5,5.5,4.5,8.0,5.5,6.0,6.0,7.0,6.9,9.0,4.0,7.0,7.5,7.0,6.38,6.0,5.0,9.0,7.5,5.5,8.0,6.0,5.5,5.0,5.5,6.0,7.5,ITA,Italy,WE/EU,54.0,52.0,8.0,1.666242,56.0,42.0,8.0,1.664529,56.0,41.0,8.0,1.706507,56.0,42.0,8.0,1.461298,53.0,52.0,8.0,2.107895,53.0,51.0,8.0,3.215638,52.0,53.0,8.0,3.29,50.0,54.0,8.0,3.72,47.0,7.0,3.34,44.0,7.0,2.5,43.0,7.0,2.26,43.0,7.0,2.5,42.0,7.0,2.4
Europe,Southern Europe,Malta,4.87,4.13,5.0,3.5,2.5,3.0,4.0,3.5,1.0,5.0,4.0,2.5,5.5,4.0,5.0,5.5,8.0,5.6,2.0,7.0,7.5,5.0,6.5,5.08,4.5,4.0,7.0,6.0,4.5,5.0,4.5,4.0,6.5,7.0,4.0,4.0,MLT,Malta,WE/EU,46.0,65.0,6.0,3.43152,51.0,55.0,7.0,2.420942,51.0,54.0,7.0,2.521589,54.0,49.0,7.0,1.731108,53.0,52.0,6.0,1.422959,54.0,50.0,6.0,1.551156,54.0,51.0,5.0,1.39,56.0,46.0,5.0,1.18,55.0,5.0,1.39,60.0,4.0,1.32,55.0,5.0,2.63,56.0,5.0,2.4,57.0,4.0,2.4
Europe,Southern Europe,Monaco,2.58,1.67,1.5,1.0,1.0,1.5,1.0,1.0,1.0,1.0,1.0,2.0,2.5,2.5,2.0,2.5,3.5,3.5,1.0,2.5,3.5,5.5,5.0,5.83,4.5,4.0,5.5,7.0,8.0,7.0,6.5,5.0,4.5,8.0,5.5,4.5,MCO,,,,,,,,,,,,,,,,,,,,,,,,,,,,,,,,,,,,,,,,,,,,,,,,,
Europe,Southern Europe,Portugal,4.97,4.73,6.0,5.5,3.5,4.0,4.5,4.0,4.0,4.0,3.5,4.5,6.5,5.5,5.0,5.5,5.0,5.2,4.5,6.0,4.5,6.0,5.0,6.58,7.0,5.0,8.0,7.0,6.0,7.0,6.0,6.5,6.0,7.0,6.0,7.5,PRT,Portugal,WE/EU,57.0,43.0,8.0,1.628497,61.0,34.0,8.0,1.750554,62.0,33.0,8.0,1.632702,62.0,32.0,8.0,1.843364,61.0,33.0,8.0,1.727857,62.0,30.0,8.0,2.819093,64.0,30.0,8.0,2.14,63.0,29.0,8.0,2.56,62.0,8.0,2.58,64.0,7.0,2.5,63.0,7.0,3.36,62.0,7.0,3.0,63.0,7.0,2.5
Europe,Southern Europe,San Marino,3.12,2.03,2.0,1.0,1.0,2.0,2.0,1.5,1.0,1.0,1.0,2.0,3.5,2.5,1.5,1.5,7.0,4.2,1.0,3.0,5.0,6.5,5.5,5.29,4.5,4.5,6.0,5.5,6.5,5.0,6.0,4.5,5.5,5.5,4.5,5.5,SMR,,,,,,,,,,,,,,,,,,,,,,,,,,,,,,,,,,,,,,,,,,,,,,,,,
Europe,Southern Europe,Spain,6.05,5.9,7.0,7.5,4.0,4.5,6.0,6.0,3.5,5.5,3.0,6.5,8.0,7.5,6.0,6.5,7.0,6.2,6.0,7.0,5.5,7.5,5.0,6.67,6.5,5.5,8.5,8.0,7.0,8.0,5.5,6.0,6.0,6.5,5.5,7.0,ESP,Spain,WE/EU,56.0,46.0,8.0,2.433375,60.0,36.0,8.0,2.36062,60.0,35.0,8.0,2.412303,61.0,34.0,8.0,2.280077,62.0,32.0,8.0,2.009488,62.0,30.0,8.0,3.166087,58.0,41.0,8.0,4.33,57.0,42.0,8.0,3.78,58.0,7.0,4.09,58.0,7.0,4.07,60.0,7.0,3.75,59.0,7.0,4.9,65.0,7.0,2.9
Europe,Western Europe,Andorra,2.7,2.2,1.5,1.5,1.0,2.5,1.5,4.0,1.0,1.5,1.0,1.5,3.0,4.0,1.5,2.0,5.5,3.2,1.0,3.5,1.0,5.5,5.0,8.0,7.0,7.5,8.5,8.5,8.0,8.5,7.5,7.5,8.0,8.5,8.5,8.0,AND,,,,,,,,,,,,,,,,,,,,,,,,,,,,,,,,,,,,,,,,,,,,,,,,,
Europe,Western Europe,Austria,4.3,4.3,4.5,6.5,4.0,5.0,5.0,3.5,2.0,2.5,2.0,4.0,4.5,4.5,5.0,5.5,6.0,4.3,2.0,4.0,4.0,6.5,5.0,7.54,7.0,6.5,7.5,8.0,8.0,9.0,8.0,6.5,7.0,8.0,7.5,7.5,AUT,Austria,WE/EU,67.0,25.0,8.0,1.922923,71.0,20.0,8.0,1.367177,71.0,22.0,8.0,1.529005,74.0,13.0,8.0,0.8316687,76.0,15.0,8.0,0.6740441,77.0,12.0,8.0,1.568815,76.0,14.0,8.0,1.37,75.0,16.0,8.0,1.17,75.0,7.0,1.36,76.0,7.0,1.76,72.0,7.0,3.49,69.0,8.0,3.2,69.0,8.0,2.4
Europe,Western Europe,Belgium,4.82,5.53,5.5,6.5,3.0,6.5,6.0,5.0,3.5,4.0,4.0,4.0,8.0,6.5,7.5,6.5,6.5,4.1,3.0,5.5,2.5,6.0,3.5,7.17,7.5,6.5,8.5,7.5,6.5,6.5,6.0,7.0,7.0,8.0,7.5,7.5,BEL,Belgium,WE/EU,69.0,22.0,8.0,1.658329,73.0,16.0,8.0,2.133975,73.0,18.0,8.0,1.515366,73.0,18.0,8.0,1.435341,76.0,15.0,7.0,1.053756,75.0,17.0,7.0,1.094819,75.0,17.0,8.0,1.09,75.0,16.0,8.0,1.63,77.0,7.0,1.55,77.0,7.0,1.34,76.0,7.0,2.26,75.0,7.0,2.3,75.0,7.0,2.4
Europe,Western Europe,France,5.92,6.13,6.5,7.5,4.5,6.5,7.0,6.0,4.0,5.5,5.0,5.5,7.5,7.0,6.5,6.5,6.5,5.7,5.5,6.5,3.5,7.5,5.5,7.04,6.5,6.5,8.5,7.5,6.5,7.0,5.5,8.0,8.0,6.0,7.5,7.0,FRA,France,WE/EU,67.0,25.0,8.0,1.611189,71.0,20.0,8.0,0.4335674,72.0,21.0,8.0,0.644383,71.0,22.0,8.0,1.299853,69.0,23.0,8.0,1.40067,69.0,23.0,8.0,2.280289,72.0,21.0,8.0,1.17,70.0,23.0,8.0,1.36,69.0,7.0,2.97,70.0,7.0,2.49,69.0,7.0,2.17,71.0,8.0,2.4,71.0,8.0,2.4
Europe,Western Europe,Germany,5.35,5.4,6.0,7.0,5.5,5.5,5.5,4.0,3.0,3.5,3.0,4.0,7.5,5.5,6.5,7.0,7.5,5.3,5.0,6.0,2.0,7.5,6.0,7.42,7.0,7.0,8.0,7.5,8.0,7.5,8.0,6.0,7.0,8.0,7.5,7.5,DEU,Germany,WE/EU,75.0,15.0,8.0,1.3578,78.0,9.0,8.0,2.143723,79.0,9.0,8.0,2.16827,80.0,10.0,8.0,1.763459,80.0,9.0,8.0,1.999585,80.0,9.0,8.0,3.30976,80.0,11.0,8.0,2.49,81.0,12.0,8.0,1.87,81.0,7.0,2.73,81.0,7.0,2.5,79.0,7.0,2.58,78.0,8.0,2.4,79.0,8.0,2.3
Europe,Western Europe,Ireland,4.97,5.13,5.0,4.5,6.0,4.0,5.0,5.0,2.0,3.5,4.5,6.0,7.5,5.5,6.5,6.0,6.0,4.8,6.0,5.5,4.0,5.5,3.0,7.42,7.0,8.0,8.0,8.0,7.0,7.5,7.5,7.5,8.0,7.5,6.0,7.0,IRL,Ireland,WE/EU,77.0,10.0,8.0,1.546298,77.0,11.0,8.0,1.169134,77.0,10.0,8.0,0.7929971,74.0,13.0,8.0,0.6804043,72.0,20.0,7.0,2.152309,74.0,18.0,7.0,3.610982,73.0,18.0,7.0,3.25,74.0,19.0,7.0,3.68,73.0,6.0,4.31,75.0,6.0,4.92,74.0,6.0,4.75,72.0,6.0,4.2,69.0,6.0,3.5
Europe,Western Europe,Liechtenstein,2.1,2.2,2.0,1.5,1.5,1.0,1.0,1.0,1.5,1.0,1.5,1.5,3.0,3.5,2.0,4.0,7.0,2.0,1.0,1.0,1.0,3.0,4.0,8.42,9.0,8.0,8.0,8.5,9.0,8.5,9.5,5.5,8.5,9.5,8.5,8.5,LIE,,,,,,,,,,,,,,,,,,,,,,,,,,,,,,,,,,,,,,,,,,,,,,,,,
Europe,Western Europe,Luxembourg,2.75,2.8,4.0,2.0,1.5,2.0,3.5,2.0,1.0,1.0,1.0,3.0,3.5,2.5,3.5,4.5,7.0,2.7,1.0,2.0,1.0,5.5,4.0,7.5,8.5,6.5,9.0,7.5,7.5,7.0,8.0,5.5,7.5,7.5,7.5,8.0,LUX,Luxembourg,WE/EU,81.0,5.0,7.0,2.000107,78.0,9.0,8.0,1.060454,77.0,10.0,8.0,1.083765,81.0,9.0,8.0,0.9624774,80.0,9.0,7.0,1.503167,80.0,9.0,7.0,1.954564,81.0,9.0,7.0,2.32,82.0,8.0,6.0,2.08,81.0,6.0,1.96,85.0,5.0,1.6,82.0,6.0,2.78,80.0,6.0,2.9,80.0,6.0,2.8
Europe,Western Europe,Netherlands,5.17,5.33,5.5,5.5,2.0,6.0,5.0,4.0,4.0,5.0,4.5,4.0,8.0,5.5,8.0,7.0,6.0,5.0,4.0,6.5,3.0,7.0,4.5,7.42,7.5,8.0,9.0,7.5,7.0,7.0,6.0,6.5,6.5,8.0,8.0,8.0,NLD,Netherlands,WE/EU,78.0,9.0,8.0,2.336668,79.0,8.0,8.0,2.100774,80.0,8.0,8.0,2.009142,82.0,8.0,8.0,1.361967,82.0,8.0,8.0,1.438214,82.0,8.0,8.0,2.247029,82.0,8.0,8.0,2.3,82.0,8.0,8.0,2.23,83.0,7.0,2.32,84.0,7.0,1.98,83.0,7.0,1.97,83.0,7.0,2.0,84.0,7.0,2.0
Europe,Western Europe,Switzerland,4.65,4.8,5.0,4.5,2.5,6.0,5.5,4.0,1.5,3.5,7.0,2.5,6.5,4.5,4.5,7.0,7.5,4.5,3.5,3.0,1.5,7.0,7.5,7.25,8.5,7.0,8.0,7.0,6.5,7.5,8.5,5.5,7.0,7.5,6.5,7.5,CHE,Switzerland,WE/EU,81.0,5.0,7.0,1.814915,82.0,6.0,7.0,1.743361,82.0,7.0,7.0,1.846128,84.0,7.0,7.0,1.105019,85.0,3.0,7.0,1.096633,85.0,4.0,7.0,1.580087,85.0,3.0,7.0,1.57,85.0,3.0,7.0,1.71,86.0,6.0,1.57,86.0,6.0,2.55,86.0,6.0,2.61,85.0,6.0,2.5,86.0,6.0,2.6
Europe,Western Europe,United Kingdom,5.87,5.63,7.0,7.0,5.0,4.0,6.5,6.0,3.0,4.0,3.0,5.0,7.5,6.0,6.0,7.0,7.5,6.1,5.5,7.0,3.0,7.5,7.5,7.63,7.5,6.5,8.0,8.0,7.5,7.5,8.5,7.0,7.5,7.5,8.0,8.0,GBR,United Kingdom,WE/EU,71.0,20.0,8.0,2.0543,71.0,20.0,8.0,1.680516,73.0,18.0,8.0,1.847196,78.0,11.0,8.0,1.428169,77.0,11.0,8.0,2.201047,77.0,12.0,8.0,3.337237,80.0,11.0,8.0,2.03,82.0,8.0,8.0,1.7,81.0,7.0,2.12,81.0,7.0,2.4,78.0,7.0,2.09,76.0,8.0,1.3,74.0,8.0,1.3
Oceania,Australia and New Zealand,Australia,4.07,4.43,3.5,2.5,4.0,3.5,3.0,5.5,3.0,4.5,2.0,3.5,6.5,3.0,7.0,8.0,7.0,3.7,4.5,5.0,2.0,4.0,3.0,7.54,7.5,8.0,9.0,8.0,8.0,8.0,7.5,7.0,7.5,6.5,7.0,6.5,AUS,Australia,AP,77.0,10.0,9.0,1.671944,75.0,14.0,9.0,1.523523,75.0,13.0,9.0,0.7788845,73.0,18.0,9.0,1.626727,77.0,11.0,9.0,1.046566,77.0,12.0,9.0,1.317929,77.0,13.0,9.0,1.27,77.0,13.0,9.0,1.4,79.0,8.0,1.27,79.0,8.0,1.5,80.0,8.0,1.31,81.0,8.0,1.5,85.0,8.0,1.1
Oceania,Australia and New Zealand,New Zealand,4.13,3.87,3.5,2.5,3.0,3.5,2.0,3.0,2.5,4.0,1.5,2.0,5.5,4.5,6.5,7.0,7.0,4.4,4.0,6.0,2.0,5.0,5.0,7.88,8.0,7.5,8.5,8.0,8.0,7.5,8.5,7.0,8.0,8.0,7.5,8.0,NZL,New Zealand,AP,83.0,4.0,8.0,1.768734,85.0,3.0,8.0,1.916107,87.0,2.0,8.0,1.405203,88.0,1.0,8.0,1.427644,88.0,1.0,8.0,1.479342,87.0,1.0,8.0,2.28649,87.0,2.0,8.0,2.44,89.0,1.0,8.0,2.4,90.0,7.0,2.56,91.0,7.0,2.32,91.0,7.0,2.28,91.0,7.0,2.3,90.0,7.0,2.2
Oceania,Melanesia,Fiji,4.02,4.13,5.5,3.5,2.0,2.0,3.5,3.0,4.0,5.0,3.0,2.0,5.0,6.0,7.5,4.5,5.5,3.9,1.0,5.5,4.0,6.0,3.0,5.38,5.5,5.0,5.5,6.0,4.0,5.0,5.0,6.0,5.5,5.5,5.5,6.0,FJI,Fiji,AP,55.0,50.0,3.0,2.031004,52.0,53.0,3.0,4.154759,53.0,49.0,3.0,4.318408,55.0,45.0,3.0,5.158524,,,,,,,,,,,,,,,,,,,,,,,,,,,,,,,
Oceania,Melanesia,Papua New Guinea,5.78,5.47,7.0,3.5,2.0,6.5,5.0,5.5,8.5,6.5,7.0,1.0,5.0,6.5,5.5,4.0,8.5,6.1,1.0,8.0,8.5,6.5,6.5,3.21,2.0,2.0,4.5,5.5,3.5,3.0,3.0,3.5,3.0,3.0,2.5,3.0,PNG,Papua New Guinea,AP,31.0,127.0,6.0,1.421976,29.0,133.0,6.0,1.757385,30.0,130.0,6.0,2.341149,31.0,124.0,6.0,2.261734,27.0,142.0,6.0,1.61913,28.0,137.0,6.0,2.379799,28.0,138.0,6.0,2.47,29.0,135.0,6.0,2.55,28.0,5.0,3.01,25.0,5.0,4.22,25.0,5.0,4.16,25.0,5.0,4.2,25.0,5.0,4.2
Oceania,Melanesia,Solomon Islands,4.5,3.6,5.0,2.5,1.5,2.5,4.0,1.5,8.0,7.5,4.0,1.0,2.5,3.5,2.0,1.5,7.0,5.4,1.0,4.5,7.5,7.0,7.0,4.71,4.0,4.5,5.0,4.5,5.0,5.5,4.5,4.0,4.0,4.0,6.5,5.0,SLB,Solomon Islands,AP,43.0,76.0,3.0,7.476987,43.0,70.0,3.0,7.428528,42.0,77.0,3.0,7.67204,43.0,73.0,3.0,7.313673,42.0,78.0,3.0,7.800267,42.0,77.0,3.0,8.689651,44.0,70.0,3.0,7.38,39.0,85.0,3.0,3.71,42.0,3.0,3.34,,,,,,,,,,,,
Oceania,Melanesia,Vanuatu,2.33,2.47,4.5,1.5,1.0,1.0,2.0,1.0,3.5,7.0,1.0,1.5,2.5,2.5,2.0,2.5,3.5,2.2,1.0,1.5,3.0,4.0,1.5,4.88,5.0,5.5,5.5,6.0,6.5,6.5,4.5,2.5,3.5,4.5,3.0,5.5,VUT,Vanuatu,AP,50.0,57.0,3.0,1.815897,48.0,61.0,3.0,3.143494,48.0,60.0,3.0,2.723077,45.0,66.0,3.0,4.582811,43.0,75.0,3.0,3.587864,46.0,64.0,3.0,6.376219,46.0,64.0,3.0,5.97,43.0,71.0,3.0,3.93,,,,,,,,,,,,,,,
Oceania,Micronesia,Kiribati,2.33,2.37,5.0,1.0,1.5,1.5,2.0,1.5,1.0,7.0,2.0,1.0,2.0,3.0,1.0,2.0,4.0,2.3,1.0,4.0,1.5,3.0,2.0,4.46,5.5,5.5,5.0,6.0,4.0,5.0,4.5,4.0,4.0,1.5,3.0,5.5,KIR,,,,,,,,,,,,,,,,,,,,,,,,,,,,,,,,,,,,,,,,,,,,,,,,,
Oceania,Micronesia,Marshall Islands,2.28,2.37,5.0,1.5,1.0,1.0,2.0,2.0,1.0,7.0,1.0,1.5,2.5,2.5,2.5,1.5,3.5,2.2,1.0,2.5,2.5,3.0,2.0,5.67,7.0,6.5,6.0,6.0,6.5,5.5,6.0,4.5,6.0,3.0,4.5,6.5,MHL,,,,,,,,,,,,,,,,,,,,,,,,,,,,,,,,,,,,,,,,,,,,,,,,,
Oceania,Micronesia,Micronesia (Federated States of),2.72,2.53,5.0,1.5,1.0,1.5,3.5,3.5,1.5,7.0,1.0,1.0,2.5,3.0,2.0,1.5,2.5,2.9,1.0,4.5,3.0,4.5,1.5,5.54,6.0,3.5,6.5,6.0,6.0,6.5,6.0,5.0,4.5,5.0,5.0,6.5,FSM,,,,,,,,,,,,,,,,,,,,,,,,,,,,,,,,,,,,,,,,,,,,,,,,,
Oceania,Micronesia,Nauru,1.72,1.53,1.0,1.5,1.0,1.0,2.0,2.0,1.0,3.5,1.0,1.0,1.5,1.5,1.5,1.0,2.5,1.9,1.0,1.5,3.5,2.0,1.5,4.83,5.0,5.0,6.0,7.0,6.5,5.0,7.0,7.0,3.5,2.0,1.0,3.0,NRU,,,,,,,,,,,,,,,,,,,,,,,,,,,,,,,,,,,,,,,,,,,,,,,,,
Oceania,Micronesia,Palau,2.83,2.77,4.0,2.0,2.0,1.0,4.5,2.5,1.0,7.0,1.0,1.0,2.0,3.0,4.5,3.0,3.0,2.9,1.0,4.0,3.5,4.0,2.0,5.08,6.5,5.5,7.0,5.5,5.0,5.0,4.5,4.5,4.0,3.0,5.0,5.5,PLW,,,,,,,,,,,,,,,,,,,,,,,,,,,,,,,,,,,,,,,,,,,,,,,,,
Oceania,Polynesia,Samoa,2.38,2.57,3.0,2.0,1.0,2.0,3.5,1.5,1.5,3.5,1.5,1.0,3.0,4.0,4.5,3.0,3.5,2.2,1.0,3.0,2.5,3.5,1.0,5.88,5.5,6.0,6.0,6.5,5.5,6.5,7.0,5.5,3.5,5.0,6.5,7.0,WSM,,,,,,,,,,,,,,,,,,,,,,,,,,,,,,,,,,,,,,,,,,,,,,,,,
Oceania,Polynesia,Tonga,3.42,3.03,3.5,1.0,2.0,4.5,3.5,4.0,1.0,3.5,1.0,1.0,4.0,3.5,6.5,2.5,4.0,3.8,1.0,4.5,6.0,6.0,1.5,5.17,5.0,5.0,6.5,6.5,3.5,6.0,5.0,5.0,4.5,4.5,4.0,6.5,TON,,,,,,,,,,,,,,,,,,,,,,,,,,,,,,,,,,,,,,,,,,,,,,,,,
Oceania,Polynesia,Tuvalu,1.53,1.67,1.5,1.0,1.0,1.0,2.0,2.0,1.0,5.5,1.0,1.0,1.5,2.0,1.5,1.0,2.0,1.4,1.0,1.0,1.5,2.5,1.0,5.92,5.5,6.0,5.5,6.5,8.0,7.0,6.0,6.0,5.5,4.0,4.0,7.0,TUV,,,,,,,,,,,,,,,,,,,,,,,,,,,,,,,,,,,,,,,,,,,,,,,,,
